EVENT_ID,DESCRIPTION
1,AILA ensemble 1
2,AILA ensemble 2
3,AILA ensemble 3
4,AILA ensemble 4
5,AILA ensemble 5
6,AILA ensemble 6
7,AILA ensemble 7
8,AILA ensemble 8
9,AILA ensemble 9
10,AKASH ensemble 1
11,AKASH ensemble 2
12,AKASH ensemble 3
13,AKASH ensemble 4
14,AKASH ensemble 5
15,AKASH ensemble 6
16,AKASH ensemble 7
17,AKASH ensemble 8
18,AKASH ensemble 9
19,BOB01 ensemble 1
20,BOB01 ensemble 2
21,BOB01 ensemble 3
22,BOB01 ensemble 4
23,BOB01 ensemble 5
24,BOB01 ensemble 6
25,BOB01 ensemble 7
26,BOB01 ensemble 8
27,BOB01 ensemble 9
28,BOB07 ensemble 1
29,BOB07 ensemble 2
30,BOB07 ensemble 3
31,BOB07 ensemble 4
32,BOB07 ensemble 5
33,BOB07 ensemble 6
34,BOB07 ensemble 7
35,BOB07 ensemble 8
36,BOB07 ensemble 9
37,BULBUL ensemble 1
38,BULBUL ensemble 2
39,BULBUL ensemble 3
40,BULBUL ensemble 4
41,BULBUL ensemble 5
42,BULBUL ensemble 6
43,BULBUL ensemble 7
44,BULBUL ensemble 8
45,BULBUL ensemble 9
46,FANI ensemble 1
47,FANI ensemble 2
48,FANI ensemble 3
49,FANI ensemble 4
50,FANI ensemble 5
51,FANI ensemble 6
52,FANI ensemble 7
53,FANI ensemble 8
54,FANI ensemble 9
55,MORA ensemble 1
56,MORA ensemble 2
57,MORA ensemble 3
58,MORA ensemble 4
59,MORA ensemble 5
60,MORA ensemble 6
61,MORA ensemble 7
62,MORA ensemble 8
63,MORA ensemble 9
64,RASHMI ensemble 1
65,RASHMI ensemble 2
66,RASHMI ensemble 3
67,RASHMI ensemble 4
68,RASHMI ensemble 5
69,RASHMI ensemble 6
70,RASHMI ensemble 7
71,RASHMI ensemble 8
72,RASHMI ensemble 9
73,ROANU ensemble 1
74,ROANU ensemble 2
75,ROANU ensemble 3
76,ROANU ensemble 4
77,ROANU ensemble 5
78,ROANU ensemble 6
79,ROANU ensemble 7
80,ROANU ensemble 8
81,ROANU ensemble 9
82,SIDR ensemble 1
83,SIDR ensemble 2
84,SIDR ensemble 3
85,SIDR ensemble 4
86,SIDR ensemble 5
87,SIDR ensemble 6
88,SIDR ensemble 7
89,SIDR ensemble 8
90,SIDR ensemble 9
91,TC01B ensemble 1
92,TC01B ensemble 2
93,TC01B ensemble 3
94,TC01B ensemble 4
95,TC01B ensemble 5
96,TC01B ensemble 6
97,TC01B ensemble 7
98,TC01B ensemble 8
99,TC01B ensemble 9
100,VIYARU ensemble 1
101,VIYARU ensemble 2
102,VIYARU ensemble 3
103,VIYARU ensemble 4
104,VIYARU ensemble 5
105,VIYARU ensemble 6
106,VIYARU ensemble 7
107,VIYARU ensemble 8
108,VIYARU ensemble 9
