bin_index,bin_from,bin_to,interpolation,Peril,IMT
1,0,0.1,0.05,WTC,PGWS_tcy:m/s
2,0.1,0.2,0.15,WTC,PGWS_tcy:m/s
3,0.2,0.3,0.25,WTC,PGWS_tcy:m/s
4,0.3,0.4,0.35,WTC,PGWS_tcy:m/s
5,0.4,0.5,0.45,WTC,PGWS_tcy:m/s
6,0.5,0.6,0.55,WTC,PGWS_tcy:m/s
7,0.6,0.7,0.65,WTC,PGWS_tcy:m/s
8,0.7,0.8,0.75,WTC,PGWS_tcy:m/s
9,0.8,0.9,0.85,WTC,PGWS_tcy:m/s
10,0.9,1,0.95,WTC,PGWS_tcy:m/s
11,1,1.1,1.05,WTC,PGWS_tcy:m/s
12,1.1,1.2,1.15,WTC,PGWS_tcy:m/s
13,1.2,1.3,1.25,WTC,PGWS_tcy:m/s
14,1.3,1.4,1.35,WTC,PGWS_tcy:m/s
15,1.4,1.5,1.45,WTC,PGWS_tcy:m/s
16,1.5,1.6,1.55,WTC,PGWS_tcy:m/s
17,1.6,1.7,1.65,WTC,PGWS_tcy:m/s
18,1.7,1.8,1.75,WTC,PGWS_tcy:m/s
19,1.8,1.9,1.85,WTC,PGWS_tcy:m/s
20,1.9,2,1.95,WTC,PGWS_tcy:m/s
21,2,2.1,2.05,WTC,PGWS_tcy:m/s
22,2.1,2.2,2.15,WTC,PGWS_tcy:m/s
23,2.2,2.3,2.25,WTC,PGWS_tcy:m/s
24,2.3,2.4,2.35,WTC,PGWS_tcy:m/s
25,2.4,2.5,2.45,WTC,PGWS_tcy:m/s
26,2.5,2.6,2.55,WTC,PGWS_tcy:m/s
27,2.6,2.7,2.65,WTC,PGWS_tcy:m/s
28,2.7,2.8,2.75,WTC,PGWS_tcy:m/s
29,2.8,2.9,2.85,WTC,PGWS_tcy:m/s
30,2.9,3,2.95,WTC,PGWS_tcy:m/s
31,3,3.1,3.05,WTC,PGWS_tcy:m/s
32,3.1,3.2,3.15,WTC,PGWS_tcy:m/s
33,3.2,3.3,3.25,WTC,PGWS_tcy:m/s
34,3.3,3.4,3.35,WTC,PGWS_tcy:m/s
35,3.4,3.5,3.45,WTC,PGWS_tcy:m/s
36,3.5,3.6,3.55,WTC,PGWS_tcy:m/s
37,3.6,3.7,3.65,WTC,PGWS_tcy:m/s
38,3.7,3.8,3.75,WTC,PGWS_tcy:m/s
39,3.8,3.9,3.85,WTC,PGWS_tcy:m/s
40,3.9,4,3.95,WTC,PGWS_tcy:m/s
41,4,4.1,4.05,WTC,PGWS_tcy:m/s
42,4.1,4.2,4.15,WTC,PGWS_tcy:m/s
43,4.2,4.3,4.25,WTC,PGWS_tcy:m/s
44,4.3,4.4,4.35,WTC,PGWS_tcy:m/s
45,4.4,4.5,4.45,WTC,PGWS_tcy:m/s
46,4.5,4.6,4.55,WTC,PGWS_tcy:m/s
47,4.6,4.7,4.65,WTC,PGWS_tcy:m/s
48,4.7,4.8,4.75,WTC,PGWS_tcy:m/s
49,4.8,4.9,4.85,WTC,PGWS_tcy:m/s
50,4.9,5,4.95,WTC,PGWS_tcy:m/s
51,5,5.1,5.05,WTC,PGWS_tcy:m/s
52,5.1,5.2,5.15,WTC,PGWS_tcy:m/s
53,5.2,5.3,5.25,WTC,PGWS_tcy:m/s
54,5.3,5.4,5.35,WTC,PGWS_tcy:m/s
55,5.4,5.5,5.45,WTC,PGWS_tcy:m/s
56,5.5,5.6,5.55,WTC,PGWS_tcy:m/s
57,5.6,5.7,5.65,WTC,PGWS_tcy:m/s
58,5.7,5.8,5.75,WTC,PGWS_tcy:m/s
59,5.8,5.9,5.85,WTC,PGWS_tcy:m/s
60,5.9,6,5.95,WTC,PGWS_tcy:m/s
61,6,6.1,6.05,WTC,PGWS_tcy:m/s
62,6.1,6.2,6.15,WTC,PGWS_tcy:m/s
63,6.2,6.3,6.25,WTC,PGWS_tcy:m/s
64,6.3,6.4,6.35,WTC,PGWS_tcy:m/s
65,6.4,6.5,6.45,WTC,PGWS_tcy:m/s
66,6.5,6.6,6.55,WTC,PGWS_tcy:m/s
67,6.6,6.7,6.65,WTC,PGWS_tcy:m/s
68,6.7,6.8,6.75,WTC,PGWS_tcy:m/s
69,6.8,6.9,6.85,WTC,PGWS_tcy:m/s
70,6.9,7,6.95,WTC,PGWS_tcy:m/s
71,7,7.1,7.05,WTC,PGWS_tcy:m/s
72,7.1,7.2,7.15,WTC,PGWS_tcy:m/s
73,7.2,7.3,7.25,WTC,PGWS_tcy:m/s
74,7.3,7.4,7.35,WTC,PGWS_tcy:m/s
75,7.4,7.5,7.45,WTC,PGWS_tcy:m/s
76,7.5,7.6,7.55,WTC,PGWS_tcy:m/s
77,7.6,7.7,7.65,WTC,PGWS_tcy:m/s
78,7.7,7.8,7.75,WTC,PGWS_tcy:m/s
79,7.8,7.9,7.85,WTC,PGWS_tcy:m/s
80,7.9,8,7.95,WTC,PGWS_tcy:m/s
81,8,8.1,8.05,WTC,PGWS_tcy:m/s
82,8.1,8.2,8.15,WTC,PGWS_tcy:m/s
83,8.2,8.3,8.25,WTC,PGWS_tcy:m/s
84,8.3,8.4,8.35,WTC,PGWS_tcy:m/s
85,8.4,8.5,8.45,WTC,PGWS_tcy:m/s
86,8.5,8.6,8.55,WTC,PGWS_tcy:m/s
87,8.6,8.7,8.65,WTC,PGWS_tcy:m/s
88,8.7,8.8,8.75,WTC,PGWS_tcy:m/s
89,8.8,8.9,8.85,WTC,PGWS_tcy:m/s
90,8.9,9,8.95,WTC,PGWS_tcy:m/s
91,9,9.1,9.05,WTC,PGWS_tcy:m/s
92,9.1,9.2,9.15,WTC,PGWS_tcy:m/s
93,9.2,9.3,9.25,WTC,PGWS_tcy:m/s
94,9.3,9.4,9.35,WTC,PGWS_tcy:m/s
95,9.4,9.5,9.45,WTC,PGWS_tcy:m/s
96,9.5,9.6,9.55,WTC,PGWS_tcy:m/s
97,9.6,9.7,9.65,WTC,PGWS_tcy:m/s
98,9.7,9.8,9.75,WTC,PGWS_tcy:m/s
99,9.8,9.9,9.85,WTC,PGWS_tcy:m/s
100,9.9,10,9.95,WTC,PGWS_tcy:m/s
101,10,10.1,10.05,WTC,PGWS_tcy:m/s
102,10.1,10.2,10.15,WTC,PGWS_tcy:m/s
103,10.2,10.3,10.25,WTC,PGWS_tcy:m/s
104,10.3,10.4,10.35,WTC,PGWS_tcy:m/s
105,10.4,10.5,10.45,WTC,PGWS_tcy:m/s
106,10.5,10.6,10.55,WTC,PGWS_tcy:m/s
107,10.6,10.7,10.65,WTC,PGWS_tcy:m/s
108,10.7,10.8,10.75,WTC,PGWS_tcy:m/s
109,10.8,10.9,10.85,WTC,PGWS_tcy:m/s
110,10.9,11,10.95,WTC,PGWS_tcy:m/s
111,11,11.1,11.05,WTC,PGWS_tcy:m/s
112,11.1,11.2,11.15,WTC,PGWS_tcy:m/s
113,11.2,11.3,11.25,WTC,PGWS_tcy:m/s
114,11.3,11.4,11.35,WTC,PGWS_tcy:m/s
115,11.4,11.5,11.45,WTC,PGWS_tcy:m/s
116,11.5,11.6,11.55,WTC,PGWS_tcy:m/s
117,11.6,11.7,11.65,WTC,PGWS_tcy:m/s
118,11.7,11.8,11.75,WTC,PGWS_tcy:m/s
119,11.8,11.9,11.85,WTC,PGWS_tcy:m/s
120,11.9,12,11.95,WTC,PGWS_tcy:m/s
121,12,12.1,12.05,WTC,PGWS_tcy:m/s
122,12.1,12.2,12.15,WTC,PGWS_tcy:m/s
123,12.2,12.3,12.25,WTC,PGWS_tcy:m/s
124,12.3,12.4,12.35,WTC,PGWS_tcy:m/s
125,12.4,12.5,12.45,WTC,PGWS_tcy:m/s
126,12.5,12.6,12.55,WTC,PGWS_tcy:m/s
127,12.6,12.7,12.65,WTC,PGWS_tcy:m/s
128,12.7,12.8,12.75,WTC,PGWS_tcy:m/s
129,12.8,12.9,12.85,WTC,PGWS_tcy:m/s
130,12.9,13,12.95,WTC,PGWS_tcy:m/s
131,13,13.1,13.05,WTC,PGWS_tcy:m/s
132,13.1,13.2,13.15,WTC,PGWS_tcy:m/s
133,13.2,13.3,13.25,WTC,PGWS_tcy:m/s
134,13.3,13.4,13.35,WTC,PGWS_tcy:m/s
135,13.4,13.5,13.45,WTC,PGWS_tcy:m/s
136,13.5,13.6,13.55,WTC,PGWS_tcy:m/s
137,13.6,13.7,13.65,WTC,PGWS_tcy:m/s
138,13.7,13.8,13.75,WTC,PGWS_tcy:m/s
139,13.8,13.9,13.85,WTC,PGWS_tcy:m/s
140,13.9,14,13.95,WTC,PGWS_tcy:m/s
141,14,14.1,14.05,WTC,PGWS_tcy:m/s
142,14.1,14.2,14.15,WTC,PGWS_tcy:m/s
143,14.2,14.3,14.25,WTC,PGWS_tcy:m/s
144,14.3,14.4,14.35,WTC,PGWS_tcy:m/s
145,14.4,14.5,14.45,WTC,PGWS_tcy:m/s
146,14.5,14.6,14.55,WTC,PGWS_tcy:m/s
147,14.6,14.7,14.65,WTC,PGWS_tcy:m/s
148,14.7,14.8,14.75,WTC,PGWS_tcy:m/s
149,14.8,14.9,14.85,WTC,PGWS_tcy:m/s
150,14.9,15,14.95,WTC,PGWS_tcy:m/s
151,15,15.1,15.05,WTC,PGWS_tcy:m/s
152,15.1,15.2,15.15,WTC,PGWS_tcy:m/s
153,15.2,15.3,15.25,WTC,PGWS_tcy:m/s
154,15.3,15.4,15.35,WTC,PGWS_tcy:m/s
155,15.4,15.5,15.45,WTC,PGWS_tcy:m/s
156,15.5,15.6,15.55,WTC,PGWS_tcy:m/s
157,15.6,15.7,15.65,WTC,PGWS_tcy:m/s
158,15.7,15.8,15.75,WTC,PGWS_tcy:m/s
159,15.8,15.9,15.85,WTC,PGWS_tcy:m/s
160,15.9,16,15.95,WTC,PGWS_tcy:m/s
161,16,16.1,16.05,WTC,PGWS_tcy:m/s
162,16.1,16.2,16.15,WTC,PGWS_tcy:m/s
163,16.2,16.3,16.25,WTC,PGWS_tcy:m/s
164,16.3,16.4,16.35,WTC,PGWS_tcy:m/s
165,16.4,16.5,16.45,WTC,PGWS_tcy:m/s
166,16.5,16.6,16.55,WTC,PGWS_tcy:m/s
167,16.6,16.7,16.65,WTC,PGWS_tcy:m/s
168,16.7,16.8,16.75,WTC,PGWS_tcy:m/s
169,16.8,16.9,16.85,WTC,PGWS_tcy:m/s
170,16.9,17,16.95,WTC,PGWS_tcy:m/s
171,17,17.1,17.05,WTC,PGWS_tcy:m/s
172,17.1,17.2,17.15,WTC,PGWS_tcy:m/s
173,17.2,17.3,17.25,WTC,PGWS_tcy:m/s
174,17.3,17.4,17.35,WTC,PGWS_tcy:m/s
175,17.4,17.5,17.45,WTC,PGWS_tcy:m/s
176,17.5,17.6,17.55,WTC,PGWS_tcy:m/s
177,17.6,17.7,17.65,WTC,PGWS_tcy:m/s
178,17.7,17.8,17.75,WTC,PGWS_tcy:m/s
179,17.8,17.9,17.85,WTC,PGWS_tcy:m/s
180,17.9,18,17.95,WTC,PGWS_tcy:m/s
181,18,18.1,18.05,WTC,PGWS_tcy:m/s
182,18.1,18.2,18.15,WTC,PGWS_tcy:m/s
183,18.2,18.3,18.25,WTC,PGWS_tcy:m/s
184,18.3,18.4,18.35,WTC,PGWS_tcy:m/s
185,18.4,18.5,18.45,WTC,PGWS_tcy:m/s
186,18.5,18.6,18.55,WTC,PGWS_tcy:m/s
187,18.6,18.7,18.65,WTC,PGWS_tcy:m/s
188,18.7,18.8,18.75,WTC,PGWS_tcy:m/s
189,18.8,18.9,18.85,WTC,PGWS_tcy:m/s
190,18.9,19,18.95,WTC,PGWS_tcy:m/s
191,19,19.1,19.05,WTC,PGWS_tcy:m/s
192,19.1,19.2,19.15,WTC,PGWS_tcy:m/s
193,19.2,19.3,19.25,WTC,PGWS_tcy:m/s
194,19.3,19.4,19.35,WTC,PGWS_tcy:m/s
195,19.4,19.5,19.45,WTC,PGWS_tcy:m/s
196,19.5,19.6,19.55,WTC,PGWS_tcy:m/s
197,19.6,19.7,19.65,WTC,PGWS_tcy:m/s
198,19.7,19.8,19.75,WTC,PGWS_tcy:m/s
199,19.8,19.9,19.85,WTC,PGWS_tcy:m/s
200,19.9,20,19.95,WTC,PGWS_tcy:m/s
201,20,20.1,20.05,WTC,PGWS_tcy:m/s
202,20.1,20.2,20.15,WTC,PGWS_tcy:m/s
203,20.2,2.3,20.25,WTC,PGWS_tcy:m/s
204,20.3,20.4,20.35,WTC,PGWS_tcy:m/s
205,20.4,20.5,20.45,WTC,PGWS_tcy:m/s
206,20.5,20.6,20.55,WTC,PGWS_tcy:m/s
207,20.6,20.7,20.65,WTC,PGWS_tcy:m/s
208,20.7,20.8,20.75,WTC,PGWS_tcy:m/s
209,20.8,20.9,20.85,WTC,PGWS_tcy:m/s
210,20.9,21,20.95,WTC,PGWS_tcy:m/s
211,21,21.1,21.05,WTC,PGWS_tcy:m/s
212,21.1,21.2,21.15,WTC,PGWS_tcy:m/s
213,21.2,21.3,21.25,WTC,PGWS_tcy:m/s
214,21.3,21.4,21.35,WTC,PGWS_tcy:m/s
215,21.4,21.5,21.45,WTC,PGWS_tcy:m/s
216,21.5,21.6,21.55,WTC,PGWS_tcy:m/s
217,21.6,21.7,21.65,WTC,PGWS_tcy:m/s
218,21.7,21.8,21.75,WTC,PGWS_tcy:m/s
219,21.8,21.9,21.85,WTC,PGWS_tcy:m/s
220,21.9,22,21.95,WTC,PGWS_tcy:m/s
221,22,22.1,22.05,WTC,PGWS_tcy:m/s
222,22.1,22.2,22.15,WTC,PGWS_tcy:m/s
223,22.2,22.3,22.25,WTC,PGWS_tcy:m/s
224,22.3,22.4,22.35,WTC,PGWS_tcy:m/s
225,22.4,22.5,22.45,WTC,PGWS_tcy:m/s
226,22.5,22.6,22.55,WTC,PGWS_tcy:m/s
227,22.6,22.7,22.65,WTC,PGWS_tcy:m/s
228,22.7,22.8,22.75,WTC,PGWS_tcy:m/s
229,22.8,22.9,22.85,WTC,PGWS_tcy:m/s
230,22.9,23,22.95,WTC,PGWS_tcy:m/s
231,23,23.1,23.05,WTC,PGWS_tcy:m/s
232,23.1,23.2,23.15,WTC,PGWS_tcy:m/s
233,23.2,23.3,23.25,WTC,PGWS_tcy:m/s
234,23.3,23.4,23.35,WTC,PGWS_tcy:m/s
235,23.4,23.5,23.45,WTC,PGWS_tcy:m/s
236,23.5,23.6,23.55,WTC,PGWS_tcy:m/s
237,23.6,23.7,23.65,WTC,PGWS_tcy:m/s
238,23.7,23.8,23.75,WTC,PGWS_tcy:m/s
239,23.8,23.9,23.85,WTC,PGWS_tcy:m/s
240,23.9,24,23.95,WTC,PGWS_tcy:m/s
241,24,24.1,24.05,WTC,PGWS_tcy:m/s
242,24.1,24.2,24.15,WTC,PGWS_tcy:m/s
243,24.2,24.3,24.25,WTC,PGWS_tcy:m/s
244,24.3,24.4,24.35,WTC,PGWS_tcy:m/s
245,24.4,24.5,24.45,WTC,PGWS_tcy:m/s
246,24.5,24.6,24.55,WTC,PGWS_tcy:m/s
247,24.6,24.7,24.65,WTC,PGWS_tcy:m/s
248,24.7,24.8,24.75,WTC,PGWS_tcy:m/s
249,24.8,24.9,24.85,WTC,PGWS_tcy:m/s
250,24.9,25,24.95,WTC,PGWS_tcy:m/s
251,25,25.1,25.05,WTC,PGWS_tcy:m/s
252,25.1,25.2,25.15,WTC,PGWS_tcy:m/s
253,25.2,25.3,25.25,WTC,PGWS_tcy:m/s
254,25.3,25.4,25.35,WTC,PGWS_tcy:m/s
255,25.4,25.5,25.45,WTC,PGWS_tcy:m/s
256,25.5,25.6,25.55,WTC,PGWS_tcy:m/s
257,25.6,25.7,25.65,WTC,PGWS_tcy:m/s
258,25.7,25.8,25.75,WTC,PGWS_tcy:m/s
259,25.8,25.9,25.85,WTC,PGWS_tcy:m/s
260,25.9,26,25.95,WTC,PGWS_tcy:m/s
261,26,26.1,26.05,WTC,PGWS_tcy:m/s
262,26.1,26.2,26.15,WTC,PGWS_tcy:m/s
263,26.2,26.3,26.25,WTC,PGWS_tcy:m/s
264,26.3,26.4,26.35,WTC,PGWS_tcy:m/s
265,26.4,26.5,26.45,WTC,PGWS_tcy:m/s
266,26.5,26.6,26.55,WTC,PGWS_tcy:m/s
267,26.6,26.7,26.65,WTC,PGWS_tcy:m/s
268,26.7,26.8,26.75,WTC,PGWS_tcy:m/s
269,26.8,26.9,26.85,WTC,PGWS_tcy:m/s
270,26.9,27,26.95,WTC,PGWS_tcy:m/s
271,27,27.1,27.05,WTC,PGWS_tcy:m/s
272,27.1,27.2,27.15,WTC,PGWS_tcy:m/s
273,27.2,27.3,27.25,WTC,PGWS_tcy:m/s
274,27.3,27.4,27.35,WTC,PGWS_tcy:m/s
275,27.4,27.5,27.45,WTC,PGWS_tcy:m/s
276,27.5,27.6,27.55,WTC,PGWS_tcy:m/s
277,27.6,27.7,27.65,WTC,PGWS_tcy:m/s
278,27.7,27.8,27.75,WTC,PGWS_tcy:m/s
279,27.8,27.9,27.85,WTC,PGWS_tcy:m/s
280,27.9,28,27.95,WTC,PGWS_tcy:m/s
281,28,28.1,28.05,WTC,PGWS_tcy:m/s
282,28.1,28.2,28.15,WTC,PGWS_tcy:m/s
283,28.2,28.3,28.25,WTC,PGWS_tcy:m/s
284,28.3,28.4,28.35,WTC,PGWS_tcy:m/s
285,28.4,28.5,28.45,WTC,PGWS_tcy:m/s
286,28.5,28.6,28.55,WTC,PGWS_tcy:m/s
287,28.6,28.7,28.65,WTC,PGWS_tcy:m/s
288,28.7,28.8,28.75,WTC,PGWS_tcy:m/s
289,28.8,28.9,28.85,WTC,PGWS_tcy:m/s
290,28.9,29,28.95,WTC,PGWS_tcy:m/s
291,29,29.1,29.05,WTC,PGWS_tcy:m/s
292,29.1,29.2,29.15,WTC,PGWS_tcy:m/s
293,29.2,29.3,29.25,WTC,PGWS_tcy:m/s
294,29.3,29.4,29.35,WTC,PGWS_tcy:m/s
295,29.4,29.5,29.45,WTC,PGWS_tcy:m/s
296,29.5,29.6,29.55,WTC,PGWS_tcy:m/s
297,29.6,29.7,29.65,WTC,PGWS_tcy:m/s
298,29.7,29.8,29.75,WTC,PGWS_tcy:m/s
299,29.8,29.9,29.85,WTC,PGWS_tcy:m/s
300,29.9,30,29.95,WTC,PGWS_tcy:m/s
301,30,30.1,30.05,WTC,PGWS_tcy:m/s
302,30.1,30.2,30.15,WTC,PGWS_tcy:m/s
303,30.2,30.3,30.25,WTC,PGWS_tcy:m/s
304,30.3,30.4,30.35,WTC,PGWS_tcy:m/s
305,30.4,30.5,30.45,WTC,PGWS_tcy:m/s
306,30.5,30.6,30.55,WTC,PGWS_tcy:m/s
307,30.6,30.7,30.65,WTC,PGWS_tcy:m/s
308,30.7,30.8,30.75,WTC,PGWS_tcy:m/s
309,30.8,30.9,30.85,WTC,PGWS_tcy:m/s
310,30.9,31,30.95,WTC,PGWS_tcy:m/s
311,31,31.1,31.05,WTC,PGWS_tcy:m/s
312,31.1,31.2,31.15,WTC,PGWS_tcy:m/s
313,31.2,31.3,31.25,WTC,PGWS_tcy:m/s
314,31.3,31.4,31.35,WTC,PGWS_tcy:m/s
315,31.4,31.5,31.45,WTC,PGWS_tcy:m/s
316,31.5,31.6,31.55,WTC,PGWS_tcy:m/s
317,31.6,31.7,31.65,WTC,PGWS_tcy:m/s
318,31.7,31.8,31.75,WTC,PGWS_tcy:m/s
319,31.8,31.9,31.85,WTC,PGWS_tcy:m/s
320,31.9,32,31.95,WTC,PGWS_tcy:m/s
321,32,32.1,32.05,WTC,PGWS_tcy:m/s
322,32.1,32.2,32.15,WTC,PGWS_tcy:m/s
323,32.2,32.3,32.25,WTC,PGWS_tcy:m/s
324,32.3,32.4,32.35,WTC,PGWS_tcy:m/s
325,32.4,32.5,32.44,WTC,PGWS_tcy:m/s
326,32.5,32.6,32.55,WTC,PGWS_tcy:m/s
327,32.6,32.7,32.65,WTC,PGWS_tcy:m/s
328,32.7,32.8,32.75,WTC,PGWS_tcy:m/s
329,32.8,32.9,32.85,WTC,PGWS_tcy:m/s
330,32.9,33,32.94,WTC,PGWS_tcy:m/s
331,33,33.1,33.05,WTC,PGWS_tcy:m/s
332,33.1,33.2,33.15,WTC,PGWS_tcy:m/s
333,33.2,33.3,33.25,WTC,PGWS_tcy:m/s
334,33.3,33.4,33.35,WTC,PGWS_tcy:m/s
335,33.4,33.5,33.44,WTC,PGWS_tcy:m/s
336,33.5,33.6,33.55,WTC,PGWS_tcy:m/s
337,33.6,33.7,33.65,WTC,PGWS_tcy:m/s
338,33.7,33.8,33.75,WTC,PGWS_tcy:m/s
339,33.8,33.9,33.85,WTC,PGWS_tcy:m/s
340,33.9,34,33.94,WTC,PGWS_tcy:m/s
341,34,34.1,34.05,WTC,PGWS_tcy:m/s
342,34.1,34.2,34.15,WTC,PGWS_tcy:m/s
343,34.2,34.3,34.25,WTC,PGWS_tcy:m/s
344,34.3,34.4,34.35,WTC,PGWS_tcy:m/s
345,34.4,34.5,34.44,WTC,PGWS_tcy:m/s
346,34.5,34.6,34.55,WTC,PGWS_tcy:m/s
347,34.6,34.7,34.65,WTC,PGWS_tcy:m/s
348,34.7,34.8,34.75,WTC,PGWS_tcy:m/s
349,34.8,34.9,34.85,WTC,PGWS_tcy:m/s
350,34.9,35,34.94,WTC,PGWS_tcy:m/s
351,35,35.1,35.05,WTC,PGWS_tcy:m/s
352,35.1,35.2,35.15,WTC,PGWS_tcy:m/s
353,35.2,35.3,35.25,WTC,PGWS_tcy:m/s
354,35.3,35.4,35.35,WTC,PGWS_tcy:m/s
355,35.4,35.5,35.44,WTC,PGWS_tcy:m/s
356,35.5,35.6,35.55,WTC,PGWS_tcy:m/s
357,35.6,35.7,35.65,WTC,PGWS_tcy:m/s
358,35.7,35.8,35.75,WTC,PGWS_tcy:m/s
359,35.8,35.9,35.85,WTC,PGWS_tcy:m/s
360,35.9,36,35.94,WTC,PGWS_tcy:m/s
361,36,36.1,36.05,WTC,PGWS_tcy:m/s
362,36.1,36.2,36.15,WTC,PGWS_tcy:m/s
363,36.2,36.3,36.25,WTC,PGWS_tcy:m/s
364,36.3,36.4,36.35,WTC,PGWS_tcy:m/s
365,36.4,36.5,36.44,WTC,PGWS_tcy:m/s
366,36.5,36.6,36.55,WTC,PGWS_tcy:m/s
367,36.6,36.7,36.65,WTC,PGWS_tcy:m/s
368,36.7,36.8,36.75,WTC,PGWS_tcy:m/s
369,36.8,36.9,36.85,WTC,PGWS_tcy:m/s
370,36.9,37,36.94,WTC,PGWS_tcy:m/s
371,37,37.1,37.05,WTC,PGWS_tcy:m/s
372,37.1,37.2,37.15,WTC,PGWS_tcy:m/s
373,37.2,37.3,37.25,WTC,PGWS_tcy:m/s
374,37.3,37.4,37.35,WTC,PGWS_tcy:m/s
375,37.4,37.5,37.44,WTC,PGWS_tcy:m/s
376,37.5,37.6,37.55,WTC,PGWS_tcy:m/s
377,37.6,37.7,37.65,WTC,PGWS_tcy:m/s
378,37.7,37.8,37.75,WTC,PGWS_tcy:m/s
379,37.8,37.9,37.85,WTC,PGWS_tcy:m/s
380,37.9,38,37.94,WTC,PGWS_tcy:m/s
381,38,38.1,38.05,WTC,PGWS_tcy:m/s
382,38.1,38.2,38.15,WTC,PGWS_tcy:m/s
383,38.2,38.3,38.25,WTC,PGWS_tcy:m/s
384,38.3,38.4,38.35,WTC,PGWS_tcy:m/s
385,38.4,38.5,38.45,WTC,PGWS_tcy:m/s
386,38.5,38.6,38.55,WTC,PGWS_tcy:m/s
387,38.6,38.7,38.65,WTC,PGWS_tcy:m/s
388,38.7,38.8,38.75,WTC,PGWS_tcy:m/s
389,38.8,38.9,38.85,WTC,PGWS_tcy:m/s
390,38.9,39,38.95,WTC,PGWS_tcy:m/s
391,39,39.1,39.05,WTC,PGWS_tcy:m/s
392,39.1,39.2,39.15,WTC,PGWS_tcy:m/s
393,39.2,39.3,39.25,WTC,PGWS_tcy:m/s
394,39.3,39.4,39.35,WTC,PGWS_tcy:m/s
395,39.4,39.5,39.45,WTC,PGWS_tcy:m/s
396,39.5,39.6,39.55,WTC,PGWS_tcy:m/s
397,39.6,39.7,39.65,WTC,PGWS_tcy:m/s
398,39.7,39.8,39.75,WTC,PGWS_tcy:m/s
399,39.8,39.9,39.85,WTC,PGWS_tcy:m/s
400,39.9,40,39.95,WTC,PGWS_tcy:m/s
401,40,40.1,40.05,WTC,PGWS_tcy:m/s
402,40.1,40.2,40.15,WTC,PGWS_tcy:m/s
403,40.2,40.3,40.25,WTC,PGWS_tcy:m/s
404,40.3,40.4,40.35,WTC,PGWS_tcy:m/s
405,40.4,40.5,40.45,WTC,PGWS_tcy:m/s
406,40.5,40.6,40.55,WTC,PGWS_tcy:m/s
407,40.6,40.7,40.65,WTC,PGWS_tcy:m/s
408,40.7,40.8,40.75,WTC,PGWS_tcy:m/s
409,40.8,40.9,40.85,WTC,PGWS_tcy:m/s
410,40.9,41,40.95,WTC,PGWS_tcy:m/s
411,41,41.1,41.05,WTC,PGWS_tcy:m/s
412,41.1,41.2,41.15,WTC,PGWS_tcy:m/s
413,41.2,41.3,41.25,WTC,PGWS_tcy:m/s
414,41.3,41.4,41.35,WTC,PGWS_tcy:m/s
415,41.4,41.5,41.45,WTC,PGWS_tcy:m/s
416,41.5,41.6,41.55,WTC,PGWS_tcy:m/s
417,41.6,41.7,41.65,WTC,PGWS_tcy:m/s
418,41.7,41.8,41.75,WTC,PGWS_tcy:m/s
419,41.8,41.9,41.85,WTC,PGWS_tcy:m/s
420,41.9,42,41.95,WTC,PGWS_tcy:m/s
421,42,42.1,42.05,WTC,PGWS_tcy:m/s
422,42.1,42.2,42.15,WTC,PGWS_tcy:m/s
423,42.2,42.3,42.25,WTC,PGWS_tcy:m/s
424,42.3,42.4,42.35,WTC,PGWS_tcy:m/s
425,42.4,42.5,42.45,WTC,PGWS_tcy:m/s
426,42.5,42.6,42.55,WTC,PGWS_tcy:m/s
427,42.6,42.7,42.65,WTC,PGWS_tcy:m/s
428,42.7,42.8,42.75,WTC,PGWS_tcy:m/s
429,42.8,42.9,42.85,WTC,PGWS_tcy:m/s
430,42.9,43,42.95,WTC,PGWS_tcy:m/s
431,43,43.1,43.05,WTC,PGWS_tcy:m/s
432,43.1,43.2,43.15,WTC,PGWS_tcy:m/s
433,43.2,43.3,43.25,WTC,PGWS_tcy:m/s
434,43.3,43.4,43.35,WTC,PGWS_tcy:m/s
435,43.4,43.5,43.45,WTC,PGWS_tcy:m/s
436,43.5,43.6,43.55,WTC,PGWS_tcy:m/s
437,43.6,43.7,43.65,WTC,PGWS_tcy:m/s
438,43.7,43.8,43.75,WTC,PGWS_tcy:m/s
439,43.8,43.9,43.85,WTC,PGWS_tcy:m/s
440,43.9,44,43.95,WTC,PGWS_tcy:m/s
441,44,44.1,44.05,WTC,PGWS_tcy:m/s
442,44.1,44.2,44.15,WTC,PGWS_tcy:m/s
443,44.2,44.3,44.25,WTC,PGWS_tcy:m/s
444,44.3,44.4,44.35,WTC,PGWS_tcy:m/s
445,44.4,44.5,44.45,WTC,PGWS_tcy:m/s
446,44.5,44.6,44.55,WTC,PGWS_tcy:m/s
447,44.6,44.7,44.65,WTC,PGWS_tcy:m/s
448,44.7,44.8,44.75,WTC,PGWS_tcy:m/s
449,44.8,44.9,44.85,WTC,PGWS_tcy:m/s
450,44.9,45,44.95,WTC,PGWS_tcy:m/s
451,45,45.1,45.05,WTC,PGWS_tcy:m/s
452,45.1,45.2,45.15,WTC,PGWS_tcy:m/s
453,45.2,45.3,45.25,WTC,PGWS_tcy:m/s
454,45.3,45.4,45.35,WTC,PGWS_tcy:m/s
455,45.4,45.5,45.45,WTC,PGWS_tcy:m/s
456,45.5,45.6,45.55,WTC,PGWS_tcy:m/s
457,45.6,45.7,45.65,WTC,PGWS_tcy:m/s
458,45.7,45.8,45.75,WTC,PGWS_tcy:m/s
459,45.8,45.9,45.85,WTC,PGWS_tcy:m/s
460,45.9,46,45.95,WTC,PGWS_tcy:m/s
461,46,46.1,46.05,WTC,PGWS_tcy:m/s
462,46.1,46.2,46.15,WTC,PGWS_tcy:m/s
463,46.2,46.3,46.25,WTC,PGWS_tcy:m/s
464,46.3,46.4,46.35,WTC,PGWS_tcy:m/s
465,46.4,46.5,46.45,WTC,PGWS_tcy:m/s
466,46.5,46.6,46.55,WTC,PGWS_tcy:m/s
467,46.6,46.7,46.65,WTC,PGWS_tcy:m/s
468,46.7,46.8,46.75,WTC,PGWS_tcy:m/s
469,46.8,46.9,46.85,WTC,PGWS_tcy:m/s
470,46.9,47,46.95,WTC,PGWS_tcy:m/s
471,47,47.1,47.05,WTC,PGWS_tcy:m/s
472,47.1,47.2,47.15,WTC,PGWS_tcy:m/s
473,47.2,47.3,47.25,WTC,PGWS_tcy:m/s
474,47.3,47.4,47.35,WTC,PGWS_tcy:m/s
475,47.4,47.5,47.45,WTC,PGWS_tcy:m/s
476,47.5,47.6,47.55,WTC,PGWS_tcy:m/s
477,47.6,47.7,47.65,WTC,PGWS_tcy:m/s
478,47.7,47.8,47.75,WTC,PGWS_tcy:m/s
479,47.8,47.9,47.85,WTC,PGWS_tcy:m/s
480,47.9,48,47.95,WTC,PGWS_tcy:m/s
481,48,48.1,48.05,WTC,PGWS_tcy:m/s
482,48.1,48.2,48.15,WTC,PGWS_tcy:m/s
483,48.2,48.3,48.25,WTC,PGWS_tcy:m/s
484,48.3,48.4,48.35,WTC,PGWS_tcy:m/s
485,48.4,48.5,48.45,WTC,PGWS_tcy:m/s
486,48.5,48.6,48.55,WTC,PGWS_tcy:m/s
487,48.6,48.7,48.65,WTC,PGWS_tcy:m/s
488,48.7,48.8,48.75,WTC,PGWS_tcy:m/s
489,48.8,48.9,48.85,WTC,PGWS_tcy:m/s
490,48.9,49,48.95,WTC,PGWS_tcy:m/s
491,49,49.1,49.05,WTC,PGWS_tcy:m/s
492,49.1,49.2,49.15,WTC,PGWS_tcy:m/s
493,49.2,49.3,49.25,WTC,PGWS_tcy:m/s
494,49.3,49.4,49.35,WTC,PGWS_tcy:m/s
495,49.4,49.5,49.45,WTC,PGWS_tcy:m/s
496,49.5,49.6,49.55,WTC,PGWS_tcy:m/s
497,49.6,49.7,49.65,WTC,PGWS_tcy:m/s
498,49.7,49.8,49.75,WTC,PGWS_tcy:m/s
499,49.8,49.9,49.85,WTC,PGWS_tcy:m/s
500,49.9,50,49.95,WTC,PGWS_tcy:m/s
501,50,50.1,50.05,WTC,PGWS_tcy:m/s
502,50.1,50.2,50.15,WTC,PGWS_tcy:m/s
503,50.2,50.3,50.25,WTC,PGWS_tcy:m/s
504,50.3,50.4,50.35,WTC,PGWS_tcy:m/s
505,50.4,50.5,50.45,WTC,PGWS_tcy:m/s
506,50.5,50.6,50.55,WTC,PGWS_tcy:m/s
507,50.6,50.7,50.65,WTC,PGWS_tcy:m/s
508,50.7,50.8,50.75,WTC,PGWS_tcy:m/s
509,50.8,50.9,50.85,WTC,PGWS_tcy:m/s
510,50.9,51,50.95,WTC,PGWS_tcy:m/s
511,51,51.1,51.05,WTC,PGWS_tcy:m/s
512,51.1,51.2,51.15,WTC,PGWS_tcy:m/s
513,51.2,51.3,51.25,WTC,PGWS_tcy:m/s
514,51.3,51.4,51.35,WTC,PGWS_tcy:m/s
515,51.4,51.5,51.45,WTC,PGWS_tcy:m/s
516,51.5,51.6,51.55,WTC,PGWS_tcy:m/s
517,51.6,51.7,51.65,WTC,PGWS_tcy:m/s
518,51.7,51.8,51.75,WTC,PGWS_tcy:m/s
519,51.8,51.9,51.85,WTC,PGWS_tcy:m/s
520,51.9,52,51.95,WTC,PGWS_tcy:m/s
521,52,52.1,52.05,WTC,PGWS_tcy:m/s
522,52.1,52.2,52.15,WTC,PGWS_tcy:m/s
523,52.2,52.3,52.25,WTC,PGWS_tcy:m/s
524,52.3,52.4,52.35,WTC,PGWS_tcy:m/s
525,52.4,52.5,52.45,WTC,PGWS_tcy:m/s
526,52.5,52.6,52.55,WTC,PGWS_tcy:m/s
527,52.6,52.7,52.65,WTC,PGWS_tcy:m/s
528,52.7,52.8,52.75,WTC,PGWS_tcy:m/s
529,52.8,52.9,52.85,WTC,PGWS_tcy:m/s
530,52.9,53,52.95,WTC,PGWS_tcy:m/s
531,53,53.1,53.05,WTC,PGWS_tcy:m/s
532,53.1,53.2,53.15,WTC,PGWS_tcy:m/s
533,53.2,53.3,53.25,WTC,PGWS_tcy:m/s
534,53.3,53.4,53.35,WTC,PGWS_tcy:m/s
535,53.4,53.5,53.45,WTC,PGWS_tcy:m/s
536,53.5,53.6,53.55,WTC,PGWS_tcy:m/s
537,53.6,53.7,53.65,WTC,PGWS_tcy:m/s
538,53.7,53.8,53.75,WTC,PGWS_tcy:m/s
539,53.8,53.9,53.85,WTC,PGWS_tcy:m/s
540,53.9,54,53.95,WTC,PGWS_tcy:m/s
541,54,54.1,54.05,WTC,PGWS_tcy:m/s
542,54.1,54.2,54.15,WTC,PGWS_tcy:m/s
543,54.2,54.3,54.25,WTC,PGWS_tcy:m/s
544,54.3,54.4,54.35,WTC,PGWS_tcy:m/s
545,54.4,54.5,54.45,WTC,PGWS_tcy:m/s
546,54.5,54.6,54.55,WTC,PGWS_tcy:m/s
547,54.6,54.7,54.65,WTC,PGWS_tcy:m/s
548,54.7,54.8,54.75,WTC,PGWS_tcy:m/s
549,54.8,54.9,54.85,WTC,PGWS_tcy:m/s
550,54.9,55,54.95,WTC,PGWS_tcy:m/s
551,55,55.1,55.05,WTC,PGWS_tcy:m/s
552,55.1,55.2,55.15,WTC,PGWS_tcy:m/s
553,55.2,55.3,55.25,WTC,PGWS_tcy:m/s
554,55.3,55.4,55.35,WTC,PGWS_tcy:m/s
555,55.4,55.5,55.45,WTC,PGWS_tcy:m/s
556,55.5,55.6,55.55,WTC,PGWS_tcy:m/s
557,55.6,55.7,55.65,WTC,PGWS_tcy:m/s
558,55.7,55.8,55.75,WTC,PGWS_tcy:m/s
559,55.8,55.9,55.85,WTC,PGWS_tcy:m/s
560,55.9,56,55.95,WTC,PGWS_tcy:m/s
561,56,56.1,56.05,WTC,PGWS_tcy:m/s
562,56.1,56.2,56.15,WTC,PGWS_tcy:m/s
563,56.2,56.3,56.25,WTC,PGWS_tcy:m/s
564,56.3,56.4,56.35,WTC,PGWS_tcy:m/s
565,56.4,56.5,56.45,WTC,PGWS_tcy:m/s
566,56.5,56.6,56.55,WTC,PGWS_tcy:m/s
567,56.6,56.7,56.65,WTC,PGWS_tcy:m/s
568,56.7,56.8,56.75,WTC,PGWS_tcy:m/s
569,56.8,56.9,56.85,WTC,PGWS_tcy:m/s
570,56.9,57,56.95,WTC,PGWS_tcy:m/s
571,57,57.1,57.05,WTC,PGWS_tcy:m/s
572,57.1,57.2,57.15,WTC,PGWS_tcy:m/s
573,57.2,57.3,57.25,WTC,PGWS_tcy:m/s
574,57.3,57.4,57.35,WTC,PGWS_tcy:m/s
575,57.4,57.5,57.45,WTC,PGWS_tcy:m/s
576,57.5,57.6,57.55,WTC,PGWS_tcy:m/s
577,57.6,57.7,57.65,WTC,PGWS_tcy:m/s
578,57.7,57.8,57.75,WTC,PGWS_tcy:m/s
579,57.8,57.9,57.85,WTC,PGWS_tcy:m/s
580,57.9,58,57.95,WTC,PGWS_tcy:m/s
581,58,58.1,58.05,WTC,PGWS_tcy:m/s
582,58.1,58.2,58.15,WTC,PGWS_tcy:m/s
583,58.2,58.3,58.25,WTC,PGWS_tcy:m/s
584,58.3,58.4,58.35,WTC,PGWS_tcy:m/s
585,58.4,58.5,58.45,WTC,PGWS_tcy:m/s
586,58.5,58.6,58.55,WTC,PGWS_tcy:m/s
587,58.6,58.7,58.65,WTC,PGWS_tcy:m/s
588,58.7,58.8,58.75,WTC,PGWS_tcy:m/s
589,58.8,58.9,58.85,WTC,PGWS_tcy:m/s
590,58.9,59,58.95,WTC,PGWS_tcy:m/s
591,59,59.1,59.05,WTC,PGWS_tcy:m/s
592,59.1,59.2,59.15,WTC,PGWS_tcy:m/s
593,59.2,59.3,59.25,WTC,PGWS_tcy:m/s
594,59.3,59.4,59.35,WTC,PGWS_tcy:m/s
595,59.4,59.5,59.45,WTC,PGWS_tcy:m/s
596,59.5,59.6,59.55,WTC,PGWS_tcy:m/s
597,59.6,59.7,59.65,WTC,PGWS_tcy:m/s
598,59.7,59.8,59.75,WTC,PGWS_tcy:m/s
599,59.8,59.9,59.85,WTC,PGWS_tcy:m/s
600,59.9,60,59.95,WTC,PGWS_tcy:m/s
601,60,60.1,60.05,WTC,PGWS_tcy:m/s
602,60.1,60.2,60.15,WTC,PGWS_tcy:m/s
603,60.2,60.3,60.25,WTC,PGWS_tcy:m/s
604,60.3,60.4,60.35,WTC,PGWS_tcy:m/s
605,60.4,60.5,60.45,WTC,PGWS_tcy:m/s
606,60.5,60.6,60.55,WTC,PGWS_tcy:m/s
607,60.6,60.7,60.65,WTC,PGWS_tcy:m/s
608,60.7,60.8,60.75,WTC,PGWS_tcy:m/s
609,60.8,60.9,60.85,WTC,PGWS_tcy:m/s
610,60.9,61,60.95,WTC,PGWS_tcy:m/s
611,61,61.1,61.05,WTC,PGWS_tcy:m/s
612,61.1,61.2,61.15,WTC,PGWS_tcy:m/s
613,61.2,61.3,61.25,WTC,PGWS_tcy:m/s
614,61.3,61.4,61.35,WTC,PGWS_tcy:m/s
615,61.4,61.5,61.45,WTC,PGWS_tcy:m/s
616,61.5,61.6,61.55,WTC,PGWS_tcy:m/s
617,61.6,61.7,61.65,WTC,PGWS_tcy:m/s
618,61.7,61.8,61.75,WTC,PGWS_tcy:m/s
619,61.8,61.9,61.85,WTC,PGWS_tcy:m/s
620,61.9,62,61.95,WTC,PGWS_tcy:m/s
621,62,62.1,62.05,WTC,PGWS_tcy:m/s
622,62.1,62.2,62.15,WTC,PGWS_tcy:m/s
623,62.2,62.3,62.25,WTC,PGWS_tcy:m/s
624,62.3,62.4,62.35,WTC,PGWS_tcy:m/s
625,62.4,62.5,62.45,WTC,PGWS_tcy:m/s
626,62.5,62.6,62.55,WTC,PGWS_tcy:m/s
627,62.6,62.7,62.65,WTC,PGWS_tcy:m/s
628,62.7,62.8,62.75,WTC,PGWS_tcy:m/s
629,62.8,62.9,62.85,WTC,PGWS_tcy:m/s
630,62.9,63,62.95,WTC,PGWS_tcy:m/s
631,63,63.1,63.05,WTC,PGWS_tcy:m/s
632,63.1,63.2,63.15,WTC,PGWS_tcy:m/s
633,63.2,63.3,63.25,WTC,PGWS_tcy:m/s
634,63.3,63.4,63.35,WTC,PGWS_tcy:m/s
635,63.4,63.5,63.45,WTC,PGWS_tcy:m/s
636,63.5,63.6,63.55,WTC,PGWS_tcy:m/s
637,63.6,63.7,63.65,WTC,PGWS_tcy:m/s
638,63.7,63.8,63.75,WTC,PGWS_tcy:m/s
639,63.8,63.9,63.85,WTC,PGWS_tcy:m/s
640,63.9,64,63.95,WTC,PGWS_tcy:m/s
641,64,64.1,64.05,WTC,PGWS_tcy:m/s
642,64.1,64.2,64.15,WTC,PGWS_tcy:m/s
643,64.2,64.3,64.25,WTC,PGWS_tcy:m/s
644,64.3,64.4,64.35,WTC,PGWS_tcy:m/s
645,64.4,64.5,64.45,WTC,PGWS_tcy:m/s
646,64.5,64.6,64.55,WTC,PGWS_tcy:m/s
647,64.6,64.7,64.65,WTC,PGWS_tcy:m/s
648,64.7,64.8,64.75,WTC,PGWS_tcy:m/s
649,64.8,64.9,64.85,WTC,PGWS_tcy:m/s
650,64.9,65,64.95,WTC,PGWS_tcy:m/s
651,65,65.1,65.05,WTC,PGWS_tcy:m/s
652,65.1,65.2,65.15,WTC,PGWS_tcy:m/s
653,65.2,65.3,65.25,WTC,PGWS_tcy:m/s
654,65.3,65.4,65.35,WTC,PGWS_tcy:m/s
655,65.4,65.5,65.45,WTC,PGWS_tcy:m/s
656,65.5,65.6,65.55,WTC,PGWS_tcy:m/s
657,65.6,65.7,65.65,WTC,PGWS_tcy:m/s
658,65.7,65.8,65.75,WTC,PGWS_tcy:m/s
659,65.8,65.9,65.85,WTC,PGWS_tcy:m/s
660,65.9,66,65.95,WTC,PGWS_tcy:m/s
661,66,66.1,66.05,WTC,PGWS_tcy:m/s
662,66.1,66.2,66.15,WTC,PGWS_tcy:m/s
663,66.2,66.3,66.25,WTC,PGWS_tcy:m/s
664,66.3,66.4,66.35,WTC,PGWS_tcy:m/s
665,66.4,66.5,66.45,WTC,PGWS_tcy:m/s
666,66.5,66.6,66.55,WTC,PGWS_tcy:m/s
667,66.6,66.7,66.65,WTC,PGWS_tcy:m/s
668,66.7,66.8,66.75,WTC,PGWS_tcy:m/s
669,66.8,66.9,66.85,WTC,PGWS_tcy:m/s
670,66.9,67,66.95,WTC,PGWS_tcy:m/s
671,67,67.1,67.05,WTC,PGWS_tcy:m/s
672,67.1,67.2,67.15,WTC,PGWS_tcy:m/s
673,67.2,67.3,67.25,WTC,PGWS_tcy:m/s
674,67.3,67.4,67.35,WTC,PGWS_tcy:m/s
675,67.4,67.5,67.45,WTC,PGWS_tcy:m/s
676,67.5,67.6,67.55,WTC,PGWS_tcy:m/s
677,67.6,67.7,67.65,WTC,PGWS_tcy:m/s
678,67.7,67.8,67.75,WTC,PGWS_tcy:m/s
679,67.8,67.9,67.85,WTC,PGWS_tcy:m/s
680,67.9,68,67.95,WTC,PGWS_tcy:m/s
681,68,68.1,68.05,WTC,PGWS_tcy:m/s
682,68.1,68.2,68.15,WTC,PGWS_tcy:m/s
683,68.2,68.3,68.25,WTC,PGWS_tcy:m/s
684,68.3,68.4,68.35,WTC,PGWS_tcy:m/s
685,68.4,68.5,68.45,WTC,PGWS_tcy:m/s
686,68.5,68.6,68.55,WTC,PGWS_tcy:m/s
687,68.6,68.7,68.65,WTC,PGWS_tcy:m/s
688,68.7,68.8,68.75,WTC,PGWS_tcy:m/s
689,68.8,68.9,68.85,WTC,PGWS_tcy:m/s
690,68.9,69,68.95,WTC,PGWS_tcy:m/s
691,69,69.1,69.05,WTC,PGWS_tcy:m/s
692,69.1,69.2,69.15,WTC,PGWS_tcy:m/s
693,69.2,69.3,69.25,WTC,PGWS_tcy:m/s
694,69.3,69.4,69.35,WTC,PGWS_tcy:m/s
695,69.4,69.5,69.45,WTC,PGWS_tcy:m/s
696,69.5,69.6,69.55,WTC,PGWS_tcy:m/s
697,69.6,69.7,69.65,WTC,PGWS_tcy:m/s
698,69.7,69.8,69.75,WTC,PGWS_tcy:m/s
699,69.8,69.9,69.85,WTC,PGWS_tcy:m/s
700,69.9,70,69.95,WTC,PGWS_tcy:m/s
701,70,70.1,70.05,WTC,PGWS_tcy:m/s
702,70.1,70.2,70.15,WTC,PGWS_tcy:m/s
703,70.2,70.3,70.25,WTC,PGWS_tcy:m/s
704,70.3,70.4,70.35,WTC,PGWS_tcy:m/s
705,70.4,70.5,70.45,WTC,PGWS_tcy:m/s
706,70.5,70.6,70.55,WTC,PGWS_tcy:m/s
707,70.6,70.7,70.65,WTC,PGWS_tcy:m/s
708,70.7,70.8,70.75,WTC,PGWS_tcy:m/s
709,70.8,70.9,70.85,WTC,PGWS_tcy:m/s
710,70.9,71,70.95,WTC,PGWS_tcy:m/s
711,71,71.1,71.05,WTC,PGWS_tcy:m/s
712,71.1,71.2,71.15,WTC,PGWS_tcy:m/s
713,71.2,71.3,71.25,WTC,PGWS_tcy:m/s
714,71.3,71.4,71.35,WTC,PGWS_tcy:m/s
715,71.4,71.5,71.45,WTC,PGWS_tcy:m/s
716,71.5,71.6,71.55,WTC,PGWS_tcy:m/s
717,71.6,71.7,71.65,WTC,PGWS_tcy:m/s
718,71.7,71.8,71.75,WTC,PGWS_tcy:m/s
719,71.8,71.9,71.85,WTC,PGWS_tcy:m/s
720,71.9,72,71.95,WTC,PGWS_tcy:m/s
721,72,72.1,72.05,WTC,PGWS_tcy:m/s
722,72.1,72.2,72.15,WTC,PGWS_tcy:m/s
723,72.2,72.3,72.25,WTC,PGWS_tcy:m/s
724,72.3,72.4,72.35,WTC,PGWS_tcy:m/s
725,72.4,72.5,72.45,WTC,PGWS_tcy:m/s
726,72.5,72.6,72.55,WTC,PGWS_tcy:m/s
727,72.6,72.7,72.65,WTC,PGWS_tcy:m/s
728,72.7,72.8,72.75,WTC,PGWS_tcy:m/s
729,72.8,72.9,72.85,WTC,PGWS_tcy:m/s
730,72.9,73,72.95,WTC,PGWS_tcy:m/s
731,73,73.1,73.05,WTC,PGWS_tcy:m/s
732,73.1,73.2,73.15,WTC,PGWS_tcy:m/s
733,73.2,73.3,73.25,WTC,PGWS_tcy:m/s
734,73.3,73.4,73.35,WTC,PGWS_tcy:m/s
735,73.4,73.5,73.45,WTC,PGWS_tcy:m/s
736,73.5,73.6,73.55,WTC,PGWS_tcy:m/s
737,73.6,73.7,73.65,WTC,PGWS_tcy:m/s
738,73.7,73.8,73.75,WTC,PGWS_tcy:m/s
739,73.8,73.9,73.85,WTC,PGWS_tcy:m/s
740,73.9,74,73.95,WTC,PGWS_tcy:m/s
741,74,74.1,74.05,WTC,PGWS_tcy:m/s
742,74.1,74.2,74.15,WTC,PGWS_tcy:m/s
743,74.2,74.3,74.25,WTC,PGWS_tcy:m/s
744,74.3,74.4,74.35,WTC,PGWS_tcy:m/s
745,74.4,74.5,74.45,WTC,PGWS_tcy:m/s
746,74.5,74.6,74.55,WTC,PGWS_tcy:m/s
747,74.6,74.7,74.65,WTC,PGWS_tcy:m/s
748,74.7,74.8,74.75,WTC,PGWS_tcy:m/s
749,74.8,74.9,74.85,WTC,PGWS_tcy:m/s
750,74.9,75,74.95,WTC,PGWS_tcy:m/s
751,75,75.1,75.05,WTC,PGWS_tcy:m/s
752,75.1,75.2,75.15,WTC,PGWS_tcy:m/s
753,75.2,75.3,75.25,WTC,PGWS_tcy:m/s
754,75.3,75.4,75.35,WTC,PGWS_tcy:m/s
755,75.4,75.5,75.45,WTC,PGWS_tcy:m/s
756,75.5,75.6,75.55,WTC,PGWS_tcy:m/s
757,75.6,75.7,75.65,WTC,PGWS_tcy:m/s
758,75.7,75.8,75.75,WTC,PGWS_tcy:m/s
759,75.8,75.9,75.85,WTC,PGWS_tcy:m/s
760,75.9,76,75.95,WTC,PGWS_tcy:m/s
761,76,76.1,76.05,WTC,PGWS_tcy:m/s
762,76.1,76.2,76.15,WTC,PGWS_tcy:m/s
763,76.2,76.3,76.25,WTC,PGWS_tcy:m/s
764,76.3,76.4,76.35,WTC,PGWS_tcy:m/s
765,76.4,76.5,76.45,WTC,PGWS_tcy:m/s
766,76.5,76.6,76.55,WTC,PGWS_tcy:m/s
767,76.6,76.7,76.65,WTC,PGWS_tcy:m/s
768,76.7,76.8,76.75,WTC,PGWS_tcy:m/s
769,76.8,76.9,76.85,WTC,PGWS_tcy:m/s
770,76.9,77,76.95,WTC,PGWS_tcy:m/s
771,77,77.1,77.05,WTC,PGWS_tcy:m/s
772,77.1,77.2,77.15,WTC,PGWS_tcy:m/s
773,77.2,77.3,77.25,WTC,PGWS_tcy:m/s
774,77.3,77.4,77.35,WTC,PGWS_tcy:m/s
775,77.4,77.5,77.45,WTC,PGWS_tcy:m/s
776,77.5,77.6,77.55,WTC,PGWS_tcy:m/s
777,77.6,77.7,77.65,WTC,PGWS_tcy:m/s
778,77.7,77.8,77.75,WTC,PGWS_tcy:m/s
779,77.8,77.9,77.85,WTC,PGWS_tcy:m/s
780,77.9,78,77.95,WTC,PGWS_tcy:m/s
781,78,78.1,78.05,WTC,PGWS_tcy:m/s
782,78.1,78.2,78.15,WTC,PGWS_tcy:m/s
783,78.2,78.3,78.25,WTC,PGWS_tcy:m/s
784,78.3,78.4,78.35,WTC,PGWS_tcy:m/s
785,78.4,78.5,78.45,WTC,PGWS_tcy:m/s
786,78.5,78.6,78.55,WTC,PGWS_tcy:m/s
787,78.6,78.7,78.65,WTC,PGWS_tcy:m/s
788,78.7,78.8,78.75,WTC,PGWS_tcy:m/s
789,78.8,78.9,78.85,WTC,PGWS_tcy:m/s
790,78.9,79,78.95,WTC,PGWS_tcy:m/s
791,79,79.1,79.05,WTC,PGWS_tcy:m/s
792,79.1,79.2,79.15,WTC,PGWS_tcy:m/s
793,79.2,79.3,79.25,WTC,PGWS_tcy:m/s
794,79.3,79.4,79.35,WTC,PGWS_tcy:m/s
795,79.4,79.5,79.45,WTC,PGWS_tcy:m/s
796,79.5,79.6,79.55,WTC,PGWS_tcy:m/s
797,79.6,79.7,79.65,WTC,PGWS_tcy:m/s
798,79.7,79.8,79.75,WTC,PGWS_tcy:m/s
799,79.8,79.9,79.85,WTC,PGWS_tcy:m/s
800,79.9,80,79.95,WTC,PGWS_tcy:m/s
801,80,80.1,80.05,WTC,PGWS_tcy:m/s
802,80.1,80.2,80.15,WTC,PGWS_tcy:m/s
803,80.2,80.3,80.25,WTC,PGWS_tcy:m/s
804,80.3,80.4,80.35,WTC,PGWS_tcy:m/s
805,80.4,80.5,80.45,WTC,PGWS_tcy:m/s
806,80.5,80.6,80.55,WTC,PGWS_tcy:m/s
807,80.6,80.7,80.65,WTC,PGWS_tcy:m/s
808,80.7,80.8,80.75,WTC,PGWS_tcy:m/s
809,80.8,80.9,80.85,WTC,PGWS_tcy:m/s
810,80.9,81,80.95,WTC,PGWS_tcy:m/s
811,81,81.1,81.05,WTC,PGWS_tcy:m/s
812,81.1,81.2,81.15,WTC,PGWS_tcy:m/s
813,81.2,81.3,81.25,WTC,PGWS_tcy:m/s
814,81.3,81.4,81.35,WTC,PGWS_tcy:m/s
815,81.4,81.5,81.45,WTC,PGWS_tcy:m/s
816,81.5,81.6,81.55,WTC,PGWS_tcy:m/s
817,81.6,81.7,81.65,WTC,PGWS_tcy:m/s
818,81.7,81.8,81.75,WTC,PGWS_tcy:m/s
819,81.8,81.9,81.85,WTC,PGWS_tcy:m/s
820,81.9,82,81.95,WTC,PGWS_tcy:m/s
821,82,82.1,82.05,WTC,PGWS_tcy:m/s
822,82.1,82.2,82.15,WTC,PGWS_tcy:m/s
823,82.2,82.3,82.25,WTC,PGWS_tcy:m/s
824,82.3,82.4,82.35,WTC,PGWS_tcy:m/s
825,82.4,82.5,82.45,WTC,PGWS_tcy:m/s
826,82.5,82.6,82.55,WTC,PGWS_tcy:m/s
827,82.6,82.7,82.65,WTC,PGWS_tcy:m/s
828,82.7,82.8,82.75,WTC,PGWS_tcy:m/s
829,82.8,82.9,82.85,WTC,PGWS_tcy:m/s
830,82.9,83,82.95,WTC,PGWS_tcy:m/s
831,83,83.1,83.05,WTC,PGWS_tcy:m/s
832,83.1,83.2,83.15,WTC,PGWS_tcy:m/s
833,83.2,83.3,83.25,WTC,PGWS_tcy:m/s
834,83.3,83.4,83.35,WTC,PGWS_tcy:m/s
835,83.4,83.5,83.45,WTC,PGWS_tcy:m/s
836,83.5,83.6,83.55,WTC,PGWS_tcy:m/s
837,83.6,83.7,83.65,WTC,PGWS_tcy:m/s
838,83.7,83.8,83.75,WTC,PGWS_tcy:m/s
839,83.8,83.9,83.85,WTC,PGWS_tcy:m/s
840,83.9,84,83.95,WTC,PGWS_tcy:m/s
841,84,84.1,84.05,WTC,PGWS_tcy:m/s
842,84.1,84.2,84.15,WTC,PGWS_tcy:m/s
843,84.2,84.3,84.25,WTC,PGWS_tcy:m/s
844,84.3,84.4,84.35,WTC,PGWS_tcy:m/s
845,84.4,84.5,84.45,WTC,PGWS_tcy:m/s
846,84.5,84.6,84.55,WTC,PGWS_tcy:m/s
847,84.6,84.7,84.65,WTC,PGWS_tcy:m/s
848,84.7,84.8,84.75,WTC,PGWS_tcy:m/s
849,84.8,84.9,84.85,WTC,PGWS_tcy:m/s
850,84.9,85,84.95,WTC,PGWS_tcy:m/s
851,85,85.1,85.05,WTC,PGWS_tcy:m/s
852,85.1,85.2,85.15,WTC,PGWS_tcy:m/s
853,85.2,85.3,85.25,WTC,PGWS_tcy:m/s
854,85.3,85.4,85.35,WTC,PGWS_tcy:m/s
855,85.4,85.5,85.45,WTC,PGWS_tcy:m/s
856,85.5,85.6,85.55,WTC,PGWS_tcy:m/s
857,85.6,85.7,85.65,WTC,PGWS_tcy:m/s
858,85.7,85.8,85.75,WTC,PGWS_tcy:m/s
859,85.8,85.9,85.85,WTC,PGWS_tcy:m/s
860,85.9,86,85.95,WTC,PGWS_tcy:m/s
861,86,86.1,86.05,WTC,PGWS_tcy:m/s
862,86.1,86.2,86.15,WTC,PGWS_tcy:m/s
863,86.2,86.3,86.25,WTC,PGWS_tcy:m/s
864,86.3,86.4,86.35,WTC,PGWS_tcy:m/s
865,86.4,86.5,86.45,WTC,PGWS_tcy:m/s
866,86.5,86.6,86.55,WTC,PGWS_tcy:m/s
867,86.6,86.7,86.65,WTC,PGWS_tcy:m/s
868,86.7,86.8,86.75,WTC,PGWS_tcy:m/s
869,86.8,86.9,86.85,WTC,PGWS_tcy:m/s
870,86.9,87,86.95,WTC,PGWS_tcy:m/s
871,87,87.1,87.05,WTC,PGWS_tcy:m/s
872,87.1,87.2,87.15,WTC,PGWS_tcy:m/s
873,87.2,87.3,87.25,WTC,PGWS_tcy:m/s
874,87.3,87.4,87.35,WTC,PGWS_tcy:m/s
875,87.4,87.5,87.45,WTC,PGWS_tcy:m/s
876,87.5,87.6,87.55,WTC,PGWS_tcy:m/s
877,87.6,87.7,87.65,WTC,PGWS_tcy:m/s
878,87.7,87.8,87.75,WTC,PGWS_tcy:m/s
879,87.8,87.9,87.85,WTC,PGWS_tcy:m/s
880,87.9,88,87.95,WTC,PGWS_tcy:m/s
881,88,88.1,88.05,WTC,PGWS_tcy:m/s
882,88.1,88.2,88.15,WTC,PGWS_tcy:m/s
883,88.2,88.3,88.25,WTC,PGWS_tcy:m/s
884,88.3,88.4,88.35,WTC,PGWS_tcy:m/s
885,88.4,88.5,88.45,WTC,PGWS_tcy:m/s
886,88.5,88.6,88.55,WTC,PGWS_tcy:m/s
887,88.6,88.7,88.65,WTC,PGWS_tcy:m/s
888,88.7,88.8,88.75,WTC,PGWS_tcy:m/s
889,88.8,88.9,88.85,WTC,PGWS_tcy:m/s
890,88.9,89,88.95,WTC,PGWS_tcy:m/s
891,89,89.1,89.05,WTC,PGWS_tcy:m/s
892,89.1,89.2,89.15,WTC,PGWS_tcy:m/s
893,89.2,89.3,89.25,WTC,PGWS_tcy:m/s
894,89.3,89.4,89.35,WTC,PGWS_tcy:m/s
895,89.4,89.5,89.45,WTC,PGWS_tcy:m/s
896,89.5,89.6,89.55,WTC,PGWS_tcy:m/s
897,89.6,89.7,89.65,WTC,PGWS_tcy:m/s
898,89.7,89.8,89.75,WTC,PGWS_tcy:m/s
899,89.8,89.9,89.85,WTC,PGWS_tcy:m/s
900,89.9,90,89.95,WTC,PGWS_tcy:m/s
901,90,90.1,90.05,WTC,PGWS_tcy:m/s
902,90.1,90.2,90.15,WTC,PGWS_tcy:m/s
903,90.2,90.3,90.25,WTC,PGWS_tcy:m/s
904,90.3,90.4,90.35,WTC,PGWS_tcy:m/s
905,90.4,90.5,90.45,WTC,PGWS_tcy:m/s
906,90.5,90.6,90.55,WTC,PGWS_tcy:m/s
907,90.6,90.7,90.65,WTC,PGWS_tcy:m/s
908,90.7,90.8,90.75,WTC,PGWS_tcy:m/s
909,90.8,90.9,90.85,WTC,PGWS_tcy:m/s
910,90.9,91,90.95,WTC,PGWS_tcy:m/s
911,91,91.1,91.05,WTC,PGWS_tcy:m/s
912,91.1,91.2,91.15,WTC,PGWS_tcy:m/s
913,91.2,91.3,91.25,WTC,PGWS_tcy:m/s
914,91.3,91.4,91.35,WTC,PGWS_tcy:m/s
915,91.4,91.5,91.45,WTC,PGWS_tcy:m/s
916,91.5,91.6,91.55,WTC,PGWS_tcy:m/s
917,91.6,91.7,91.65,WTC,PGWS_tcy:m/s
918,91.7,91.8,91.75,WTC,PGWS_tcy:m/s
919,91.8,91.9,91.85,WTC,PGWS_tcy:m/s
920,91.9,92,91.95,WTC,PGWS_tcy:m/s
921,92,92.1,92.05,WTC,PGWS_tcy:m/s
922,92.1,92.2,92.15,WTC,PGWS_tcy:m/s
923,92.2,92.3,92.25,WTC,PGWS_tcy:m/s
924,92.3,92.4,92.35,WTC,PGWS_tcy:m/s
925,92.4,92.5,92.45,WTC,PGWS_tcy:m/s
926,92.5,92.6,92.55,WTC,PGWS_tcy:m/s
927,92.6,92.7,92.65,WTC,PGWS_tcy:m/s
928,92.7,92.8,92.75,WTC,PGWS_tcy:m/s
929,92.8,92.9,92.85,WTC,PGWS_tcy:m/s
930,92.9,93,92.95,WTC,PGWS_tcy:m/s
931,93,93.1,93.05,WTC,PGWS_tcy:m/s
932,93.1,93.2,93.15,WTC,PGWS_tcy:m/s
933,93.2,93.3,93.25,WTC,PGWS_tcy:m/s
934,93.3,93.4,93.35,WTC,PGWS_tcy:m/s
935,93.4,93.5,93.45,WTC,PGWS_tcy:m/s
936,93.5,93.6,93.55,WTC,PGWS_tcy:m/s
937,93.6,93.7,93.65,WTC,PGWS_tcy:m/s
938,93.7,93.8,93.75,WTC,PGWS_tcy:m/s
939,93.8,93.9,93.85,WTC,PGWS_tcy:m/s
940,93.9,94,93.95,WTC,PGWS_tcy:m/s
941,94,94.1,94.05,WTC,PGWS_tcy:m/s
942,94.1,94.2,94.15,WTC,PGWS_tcy:m/s
943,94.2,94.3,94.25,WTC,PGWS_tcy:m/s
944,94.3,94.4,94.35,WTC,PGWS_tcy:m/s
945,94.4,94.5,94.45,WTC,PGWS_tcy:m/s
946,94.5,94.6,94.55,WTC,PGWS_tcy:m/s
947,94.6,94.7,94.65,WTC,PGWS_tcy:m/s
948,94.7,94.8,94.75,WTC,PGWS_tcy:m/s
949,94.8,94.9,94.85,WTC,PGWS_tcy:m/s
950,94.9,95,94.95,WTC,PGWS_tcy:m/s
951,95,95.1,95.05,WTC,PGWS_tcy:m/s
952,95.1,95.2,95.15,WTC,PGWS_tcy:m/s
953,95.2,95.3,95.25,WTC,PGWS_tcy:m/s
954,95.3,95.4,95.35,WTC,PGWS_tcy:m/s
955,95.4,95.5,95.45,WTC,PGWS_tcy:m/s
956,95.5,95.6,95.55,WTC,PGWS_tcy:m/s
957,95.6,95.7,95.65,WTC,PGWS_tcy:m/s
958,95.7,95.8,95.75,WTC,PGWS_tcy:m/s
959,95.8,95.9,95.85,WTC,PGWS_tcy:m/s
960,95.9,96,95.95,WTC,PGWS_tcy:m/s
961,96,96.1,96.05,WTC,PGWS_tcy:m/s
962,96.1,96.2,96.15,WTC,PGWS_tcy:m/s
963,96.2,96.3,96.25,WTC,PGWS_tcy:m/s
964,96.3,96.4,96.35,WTC,PGWS_tcy:m/s
965,96.4,96.5,96.45,WTC,PGWS_tcy:m/s
966,96.5,96.6,96.55,WTC,PGWS_tcy:m/s
967,96.6,96.7,96.65,WTC,PGWS_tcy:m/s
968,96.7,96.8,96.75,WTC,PGWS_tcy:m/s
969,96.8,96.9,96.85,WTC,PGWS_tcy:m/s
970,96.9,97,96.95,WTC,PGWS_tcy:m/s
971,97,97.1,97.05,WTC,PGWS_tcy:m/s
972,97.1,97.2,97.15,WTC,PGWS_tcy:m/s
973,97.2,97.3,97.25,WTC,PGWS_tcy:m/s
974,97.3,97.4,97.35,WTC,PGWS_tcy:m/s
975,97.4,97.5,97.45,WTC,PGWS_tcy:m/s
976,97.5,97.6,97.55,WTC,PGWS_tcy:m/s
977,97.6,97.7,97.65,WTC,PGWS_tcy:m/s
978,97.7,97.8,97.75,WTC,PGWS_tcy:m/s
979,97.8,97.9,97.85,WTC,PGWS_tcy:m/s
980,97.9,98,97.95,WTC,PGWS_tcy:m/s
981,98,98.1,98.05,WTC,PGWS_tcy:m/s
982,98.1,98.2,98.15,WTC,PGWS_tcy:m/s
983,98.2,98.3,98.25,WTC,PGWS_tcy:m/s
984,98.3,98.4,98.35,WTC,PGWS_tcy:m/s
985,98.4,98.5,98.45,WTC,PGWS_tcy:m/s
986,98.5,98.6,98.55,WTC,PGWS_tcy:m/s
987,98.6,98.7,98.65,WTC,PGWS_tcy:m/s
988,98.7,98.8,98.75,WTC,PGWS_tcy:m/s
989,98.8,98.9,98.85,WTC,PGWS_tcy:m/s
990,98.9,99,98.95,WTC,PGWS_tcy:m/s
991,99,99.1,99.05,WTC,PGWS_tcy:m/s
992,99.1,99.2,99.15,WTC,PGWS_tcy:m/s
993,99.2,99.3,99.25,WTC,PGWS_tcy:m/s
994,99.3,99.4,99.35,WTC,PGWS_tcy:m/s
995,99.4,99.5,99.45,WTC,PGWS_tcy:m/s
996,99.5,99.6,99.55,WTC,PGWS_tcy:m/s
997,99.6,99.7,99.65,WTC,PGWS_tcy:m/s
998,99.7,99.8,99.75,WTC,PGWS_tcy:m/s
999,99.8,99.9,99.85,WTC,PGWS_tcy:m/s
1000,99.9,100,99.95,WTC,PGWS_tcy:m/s
1001,100,100.1,100.05,WTC,PGWS_tcy:m/s
1002,100.1,100.2,100.15,WTC,PGWS_tcy:m/s
1003,100.2,100.3,100.25,WTC,PGWS_tcy:m/s
1004,100.3,100.4,100.35,WTC,PGWS_tcy:m/s
1005,100.4,100.5,100.45,WTC,PGWS_tcy:m/s
1006,100.5,100.6,100.55,WTC,PGWS_tcy:m/s
1007,100.6,100.7,100.65,WTC,PGWS_tcy:m/s
1008,100.7,100.8,100.75,WTC,PGWS_tcy:m/s
1009,100.8,100.9,100.85,WTC,PGWS_tcy:m/s
1010,100.9,101,100.95,WTC,PGWS_tcy:m/s
1011,101,101.1,101.05,WTC,PGWS_tcy:m/s
1012,101.1,101.2,101.15,WTC,PGWS_tcy:m/s
1013,101.2,101.3,101.25,WTC,PGWS_tcy:m/s
1014,101.3,101.4,101.35,WTC,PGWS_tcy:m/s
1015,101.4,101.5,101.45,WTC,PGWS_tcy:m/s
1016,101.5,101.6,101.55,WTC,PGWS_tcy:m/s
1017,101.6,101.7,101.65,WTC,PGWS_tcy:m/s
1018,101.7,101.8,101.75,WTC,PGWS_tcy:m/s
1019,101.8,101.9,101.85,WTC,PGWS_tcy:m/s
1020,101.9,102,101.95,WTC,PGWS_tcy:m/s
1021,102,102.1,102.05,WTC,PGWS_tcy:m/s
1022,102.1,102.2,102.15,WTC,PGWS_tcy:m/s
1023,102.2,102.3,102.25,WTC,PGWS_tcy:m/s
1024,102.3,102.4,102.35,WTC,PGWS_tcy:m/s
1025,102.4,102.5,102.45,WTC,PGWS_tcy:m/s
1026,102.5,102.6,102.55,WTC,PGWS_tcy:m/s
1027,102.6,102.7,102.65,WTC,PGWS_tcy:m/s
1028,102.7,102.8,102.75,WTC,PGWS_tcy:m/s
1029,102.8,102.9,102.85,WTC,PGWS_tcy:m/s
1030,102.9,103,102.95,WTC,PGWS_tcy:m/s
1031,103,103.1,103.05,WTC,PGWS_tcy:m/s
1032,103.1,103.2,103.15,WTC,PGWS_tcy:m/s
1033,103.2,103.3,103.25,WTC,PGWS_tcy:m/s
1034,103.3,103.4,103.35,WTC,PGWS_tcy:m/s
1035,103.4,103.5,103.45,WTC,PGWS_tcy:m/s
1036,103.5,103.6,103.55,WTC,PGWS_tcy:m/s
1037,103.6,103.7,103.65,WTC,PGWS_tcy:m/s
1038,103.7,103.8,103.75,WTC,PGWS_tcy:m/s
1039,103.8,103.9,103.85,WTC,PGWS_tcy:m/s
1040,103.9,104,103.95,WTC,PGWS_tcy:m/s
1041,104,104.1,104.05,WTC,PGWS_tcy:m/s
1042,104.1,104.2,104.15,WTC,PGWS_tcy:m/s
1043,104.2,104.3,104.25,WTC,PGWS_tcy:m/s
1044,104.3,104.4,104.35,WTC,PGWS_tcy:m/s
1045,104.4,104.5,104.45,WTC,PGWS_tcy:m/s
1046,104.5,104.6,104.55,WTC,PGWS_tcy:m/s
1047,104.6,104.7,104.65,WTC,PGWS_tcy:m/s
1048,104.7,104.8,104.75,WTC,PGWS_tcy:m/s
1049,104.8,104.9,104.85,WTC,PGWS_tcy:m/s
1050,104.9,105,104.95,WTC,PGWS_tcy:m/s
1051,105,105.1,105.05,WTC,PGWS_tcy:m/s
1052,105.1,105.2,105.15,WTC,PGWS_tcy:m/s
1053,105.2,105.3,105.25,WTC,PGWS_tcy:m/s
1054,105.3,105.4,105.35,WTC,PGWS_tcy:m/s
1055,105.4,105.5,105.45,WTC,PGWS_tcy:m/s
1056,105.5,105.6,105.55,WTC,PGWS_tcy:m/s
1057,105.6,105.7,105.65,WTC,PGWS_tcy:m/s
1058,105.7,105.8,105.75,WTC,PGWS_tcy:m/s
1059,105.8,105.9,105.85,WTC,PGWS_tcy:m/s
1060,105.9,106,105.95,WTC,PGWS_tcy:m/s
1061,106,106.1,106.05,WTC,PGWS_tcy:m/s
1062,106.1,106.2,106.15,WTC,PGWS_tcy:m/s
1063,106.2,106.3,106.25,WTC,PGWS_tcy:m/s
1064,106.3,106.4,106.35,WTC,PGWS_tcy:m/s
1065,106.4,106.5,106.45,WTC,PGWS_tcy:m/s
1066,106.5,106.6,106.55,WTC,PGWS_tcy:m/s
1067,106.6,106.7,106.65,WTC,PGWS_tcy:m/s
1068,106.7,106.8,106.75,WTC,PGWS_tcy:m/s
1069,106.8,106.9,106.85,WTC,PGWS_tcy:m/s
1070,106.9,107,106.95,WTC,PGWS_tcy:m/s
1071,107,107.1,107.05,WTC,PGWS_tcy:m/s
1072,107.1,107.2,107.15,WTC,PGWS_tcy:m/s
1073,107.2,107.3,107.25,WTC,PGWS_tcy:m/s
1074,107.3,107.4,107.35,WTC,PGWS_tcy:m/s
1075,107.4,107.5,107.45,WTC,PGWS_tcy:m/s
1076,107.5,107.6,107.55,WTC,PGWS_tcy:m/s
1077,107.6,107.7,107.65,WTC,PGWS_tcy:m/s
1078,107.7,107.8,107.75,WTC,PGWS_tcy:m/s
1079,107.8,107.9,107.85,WTC,PGWS_tcy:m/s
1080,107.9,108,107.95,WTC,PGWS_tcy:m/s
1081,108,108.1,108.05,WTC,PGWS_tcy:m/s
1082,108.1,108.2,108.15,WTC,PGWS_tcy:m/s
1083,108.2,108.3,108.25,WTC,PGWS_tcy:m/s
1084,108.3,108.4,108.35,WTC,PGWS_tcy:m/s
1085,108.4,108.5,108.45,WTC,PGWS_tcy:m/s
1086,108.5,108.6,108.55,WTC,PGWS_tcy:m/s
1087,108.6,108.7,108.65,WTC,PGWS_tcy:m/s
1088,108.7,108.8,108.75,WTC,PGWS_tcy:m/s
1089,108.8,108.9,108.85,WTC,PGWS_tcy:m/s
1090,108.9,109,108.95,WTC,PGWS_tcy:m/s
1091,109,109.1,109.05,WTC,PGWS_tcy:m/s
1092,109.1,109.2,109.15,WTC,PGWS_tcy:m/s
1093,109.2,109.3,109.25,WTC,PGWS_tcy:m/s
1094,109.3,109.4,109.35,WTC,PGWS_tcy:m/s
1095,109.4,109.5,109.45,WTC,PGWS_tcy:m/s
1096,109.5,109.6,109.55,WTC,PGWS_tcy:m/s
1097,109.6,109.7,109.65,WTC,PGWS_tcy:m/s
1098,109.7,109.8,109.75,WTC,PGWS_tcy:m/s
1099,109.8,109.9,109.85,WTC,PGWS_tcy:m/s
1100,109.9,110,109.95,WTC,PGWS_tcy:m/s
1101,0,0.5,0.25,WSS,fl_wd:m
1102,0.5,1,0.75,WSS,fl_wd:m
1103,1,1.5,1.25,WSS,fl_wd:m
1104,1.5,2,1.75,WSS,fl_wd:m
1105,2,2.5,2.25,WSS,fl_wd:m
1106,2.5,3,2.75,WSS,fl_wd:m
1107,3,3.5,3.25,WSS,fl_wd:m
1108,3.5,4,3.75,WSS,fl_wd:m
1109,4,4.5,4.25,WSS,fl_wd:m
1110,4.5,5,4.75,WSS,fl_wd:m
1111,5,5.5,5.25,WSS,fl_wd:m
1112,5.5,6,5.75,WSS,fl_wd:m
1113,6,6.5,6.25,WSS,fl_wd:m
1114,6.5,7,6.75,WSS,fl_wd:m
1115,7,7.5,7.25,WSS,fl_wd:m
1116,7.5,8,7.75,WSS,fl_wd:m
1117,8,8.5,8.25,WSS,fl_wd:m
1118,8.5,9,8.75,WSS,fl_wd:m
1119,9,9.5,9.25,WSS,fl_wd:m
1120,9.5,10,9.75,WSS,fl_wd:m
1121,10,20,15,WSS,fl_wd:m
1122,0,0,0,WSS,fl_wd:m
