AREA_LEVEL_NAMES,COUNTRY_KEY,AREA_LEVEL_MODEL_NAMES
Abhaynagar,BGD,BGD-0001
Adabor,BGD,BGD-0002
Adamdighi,BGD,BGD-0003
Aditmari,BGD,BGD-0004
Agailjhara,BGD,BGD-0005
Ajmiriganj,BGD,BGD-0006
Akhaura,BGD,BGD-0007
Akkelpur,BGD,BGD-0008
Alamdanga,BGD,BGD-0009
Alfadanga,BGD,BGD-0010
Alikadam,BGD,BGD-0011
Amtali,BGD,BGD-0012
Anowara,BGD,BGD-0013
Araihazar,BGD,BGD-0014
Ashuganj,BGD,BGD-0015
Assasuni,BGD,BGD-0016
Atgharia,BGD,BGD-0017
Atpara,BGD,BGD-0018
Atrai,BGD,BGD-0019
Atwari,BGD,BGD-0020
Austagram,BGD,BGD-0021
Babuganj,BGD,BGD-0022
Badalgachhi,BGD,BGD-0023
Badarganj,BGD,BGD-0024
Badda,BGD,BGD-0025
Bagati Para,BGD,BGD-0026
Bagerhat Sadar,BGD,BGD-0027
Bagha,BGD,BGD-0028
Baghai Chhari,BGD,BGD-0029
Bagher Para,BGD,BGD-0030
Baghmara,BGD,BGD-0031
Bahubal,BGD,BGD-0032
Bajitpur,BGD,BGD-0033
Bakalia,BGD,BGD-0034
Bakerganj,BGD,BGD-0035
Bakshiganj,BGD,BGD-0036
Balaganj,BGD,BGD-0037
Balia Kandi,BGD,BGD-0038
Baliadangi,BGD,BGD-0039
Bamna,BGD,BGD-0040
Banari Para,BGD,BGD-0041
Banchharampur,BGD,BGD-0042
Bandar,BGD,BGD-0043
Bandarban Sadar,BGD,BGD-0044
Bangshal,BGD,BGD-0045
Baniachong,BGD,BGD-0046
Banshkhali,BGD,BGD-0047
Baraigram,BGD,BGD-0048
Barguna Sadar,BGD,BGD-0049
Barhatta,BGD,BGD-0050
Barisal Sadar (Kotwali),BGD,BGD-0051
Barkal,BGD,BGD-0052
Barlekha,BGD,BGD-0053
Barura,BGD,BGD-0054
Basail,BGD,BGD-0055
Batiaghata,BGD,BGD-0056
Bauphal,BGD,BGD-0057
Bayejid Bostami,BGD,BGD-0058
Beani Bazar,BGD,BGD-0059
Begumganj,BGD,BGD-0060
Belabo,BGD,BGD-0061
Belai Chhari,BGD,BGD-0062
Belkuchi,BGD,BGD-0063
Bera,BGD,BGD-0064
Betagi,BGD,BGD-0065
Bhairab,BGD,BGD-0066
Bhaluka,BGD,BGD-0067
Bhandaria,BGD,BGD-0068
Bhanga,BGD,BGD-0069
Bhangura,BGD,BGD-0070
Bhedarganj,BGD,BGD-0071
Bheramara,BGD,BGD-0072
Bhola Sadar,BGD,BGD-0073
Bholahat,BGD,BGD-0074
Bhuapur,BGD,BGD-0075
Bhurungamari,BGD,BGD-0076
Bijoynagar,BGD,BGD-0077
Biman Bandar,BGD,BGD-0078
Biral,BGD,BGD-0079
Birampur,BGD,BGD-0080
Birganj,BGD,BGD-0081
Bishwambarpur,BGD,BGD-0082
Bishwanath,BGD,BGD-0083
Boalia,BGD,BGD-0084
Boalkhali,BGD,BGD-0085
Boalmari,BGD,BGD-0086
Bochaganj,BGD,BGD-0087
Boda,BGD,BGD-0088
Bogra Sadar,BGD,BGD-0089
Brahman Para,BGD,BGD-0090
Brahmanbaria Sadar,BGD,BGD-0091
Burhanuddin,BGD,BGD-0092
Burichang,BGD,BGD-0093
Cantonment,BGD,BGD-0094
Chak Bazar,BGD,BGD-0095
Chakaria,BGD,BGD-0096
Chandanaish,BGD,BGD-0097
Chandgaon,BGD,BGD-0098
Chandina,BGD,BGD-0099
Chandpur Sadar,BGD,BGD-0100
Char Bhadrasan,BGD,BGD-0101
Char Fasson,BGD,BGD-0102
Char Rajibpur,BGD,BGD-0103
Charghat,BGD,BGD-0104
Chatkhil,BGD,BGD-0105
Chatmohar,BGD,BGD-0106
Chauddagram,BGD,BGD-0107
Chaugachha,BGD,BGD-0108
Chauhali,BGD,BGD-0109
Chhagalnaiya,BGD,BGD-0110
Chhatak,BGD,BGD-0111
Chilmari,BGD,BGD-0112
Chirirbandar,BGD,BGD-0113
Chitalmari,BGD,BGD-0114
Chittagong Port,BGD,BGD-0115
Chuadanga Sadar,BGD,BGD-0116
Chunarughat,BGD,BGD-0117
Comilla Adarsha Sadar,BGD,BGD-0118
Comilla Sadar Dakshin,BGD,BGD-0119
Companiganj-1,BGD,BGD-0120
Companiganj-2,BGD,BGD-0121
Cox's Bazar Sadar,BGD,BGD-0122
Dacope,BGD,BGD-0123
Daganbhuiyan,BGD,BGD-0124
Dakshin Sunamganj,BGD,BGD-0125
Dakshin Surma,BGD,BGD-0126
Dakshinkhan,BGD,BGD-0127
Damudya,BGD,BGD-0128
Damurhuda,BGD,BGD-0129
Darus Salam,BGD,BGD-0130
Dashmina,BGD,BGD-0131
Daudkandi,BGD,BGD-0132
Daulatkhan,BGD,BGD-0133
Daulatpur-1,BGD,BGD-0134
Daulatpur-2,BGD,BGD-0135
Daulatpur-3,BGD,BGD-0136
Debhata,BGD,BGD-0137
Debidwar,BGD,BGD-0138
Debiganj,BGD,BGD-0139
Delduar,BGD,BGD-0140
Demra,BGD,BGD-0141
Derai,BGD,BGD-0142
Dewanganj,BGD,BGD-0143
Dhamoirhat,BGD,BGD-0144
Dhamrai,BGD,BGD-0145
Dhanbari,BGD,BGD-0146
Dhanmondi,BGD,BGD-0147
Dharampasha,BGD,BGD-0148
Dhobaura,BGD,BGD-0149
Dhunat,BGD,BGD-0150
Dhupchanchia,BGD,BGD-0151
Dighalia,BGD,BGD-0152
Dighinala,BGD,BGD-0153
Dimla,BGD,BGD-0154
Dinajpur Sadar,BGD,BGD-0155
Dohar,BGD,BGD-0156
Domar,BGD,BGD-0157
Double Mooring,BGD,BGD-0158
Dowarabazar,BGD,BGD-0159
Dumki,BGD,BGD-0160
Dumuria,BGD,BGD-0161
Durgapu-1,BGD,BGD-0162
Durgapu-2,BGD,BGD-0163
Fakirhat,BGD,BGD-0164
Faridganj,BGD,BGD-0165
Faridpur,BGD,BGD-0166
Faridpur Sadar,BGD,BGD-0167
Fatikchhari,BGD,BGD-0168
Fenchuganj,BGD,BGD-0169
Feni Sadar,BGD,BGD-0170
Fulbari,BGD,BGD-0171
Fulbaria,BGD,BGD-0172
Fulchhari,BGD,BGD-0173
Fulgazi,BGD,BGD-0174
Gabtali,BGD,BGD-0175
Gaffargaon,BGD,BGD-0176
Gaibandha Sadar,BGD,BGD-0177
Galachipa,BGD,BGD-0178
Gangachara,BGD,BGD-0179
Gangni,BGD,BGD-0180
Gauripur,BGD,BGD-0181
Gaurnadi,BGD,BGD-0182
Gazaria,BGD,BGD-0183
Gazipur Sadar,BGD,BGD-0184
Gendaria,BGD,BGD-0185
Ghatail,BGD,BGD-0186
Ghior,BGD,BGD-0187
Ghoraghat,BGD,BGD-0188
Goalandaghat,BGD,BGD-0189
Gobindaganj,BGD,BGD-0190
Godagari,BGD,BGD-0191
Golabganj,BGD,BGD-0192
Gomastapur,BGD,BGD-0193
Gopalganj Sadar,BGD,BGD-0194
Gopalpur,BGD,BGD-0195
Gosairhat,BGD,BGD-0196
Gowainghat,BGD,BGD-0197
Gulshan,BGD,BGD-0198
Gurudaspur,BGD,BGD-0199
Habiganj Sadar,BGD,BGD-0200
Haim Char,BGD,BGD-0201
Hajiganj,BGD,BGD-0202
Hakimpur,BGD,BGD-0203
Halishahar,BGD,BGD-0204
Haluaghat,BGD,BGD-0205
Harinakunda,BGD,BGD-0206
Haripur,BGD,BGD-0207
Harirampur,BGD,BGD-0208
Hathazari,BGD,BGD-0209
Hatibandha,BGD,BGD-0210
Hatiya,BGD,BGD-0211
Hazaribagh,BGD,BGD-0212
Hizla,BGD,BGD-0213
Homna,BGD,BGD-0214
Hossainpur,BGD,BGD-0215
Ishwardi,BGD,BGD-0216
Ishwarganj,BGD,BGD-0217
Islampur,BGD,BGD-0218
Itna,BGD,BGD-0219
Jagannathpur,BGD,BGD-0220
Jaintiapur,BGD,BGD-0221
Jaldhaka,BGD,BGD-0222
Jamalganj,BGD,BGD-0223
Jamalpur Sadar,BGD,BGD-0224
Jatrabari,BGD,BGD-0225
Jhalokati Sadar,BGD,BGD-0226
Jhenaidah Sadar,BGD,BGD-0227
Jhenaigati,BGD,BGD-0228
Jhikargachha,BGD,BGD-0229
Jiban Nagar,BGD,BGD-0230
Joypurhat Sadar,BGD,BGD-0231
Jurai Chhari,BGD,BGD-0232
Juri,BGD,BGD-0233
Kabirhat,BGD,BGD-0234
Kachu-1,BGD,BGD-0235
Kachu-2,BGD,BGD-0236
Kadamtali,BGD,BGD-0237
Kafrul,BGD,BGD-0238
Kahaloo,BGD,BGD-0239
Kaharole,BGD,BGD-0240
Kala Para,BGD,BGD-0241
Kalabagan,BGD,BGD-0242
Kalai,BGD,BGD-0243
Kalaroa,BGD,BGD-0244
Kalia,BGD,BGD-0245
Kaliakair,BGD,BGD-0246
Kaliganj-1,BGD,BGD-0247
Kaliganj-2,BGD,BGD-0248
Kaliganj-3,BGD,BGD-0249
Kaliganj-4,BGD,BGD-0250
Kalihati,BGD,BGD-0251
Kalkini,BGD,BGD-0252
Kalmakanda,BGD,BGD-0253
Kalukhali,BGD,BGD-0254
Kamalganj,BGD,BGD-0255
Kamalnagar,BGD,BGD-0256
Kamarkhanda,BGD,BGD-0257
Kamrangir Char,BGD,BGD-0258
Kanaighat,BGD,BGD-0259
Kanthalia,BGD,BGD-0260
Kapasia,BGD,BGD-0261
Kaptai,BGD,BGD-0262
Karimganj,BGD,BGD-0263
Kasba,BGD,BGD-0264
Kashiani,BGD,BGD-0265
Katiadi,BGD,BGD-0266
Kaunia,BGD,BGD-0267
Kawkhali,BGD,BGD-0268
Kawkhali (Betbunia),BGD,BGD-0269
Kazipur,BGD,BGD-0270
Kendua,BGD,BGD-0271
Keraniganj,BGD,BGD-0272
Keshabpur,BGD,BGD-0273
Khagrachhari Sadar,BGD,BGD-0274
Khaliajuri,BGD,BGD-0275
Khalishpur,BGD,BGD-0276
Khan Jahan Ali,BGD,BGD-0277
Khansama,BGD,BGD-0278
Khetlal,BGD,BGD-0279
Khilgaon,BGD,BGD-0280
Khilkhet,BGD,BGD-0281
Khoksa,BGD,BGD-0282
Khulna Sadar,BGD,BGD-0283
Khulshi,BGD,BGD-0284
Kishoreganj,BGD,BGD-0285
Kishoreganj Sadar,BGD,BGD-0286
Kotali Para,BGD,BGD-0287
Kotchandpur,BGD,BGD-0288
Kotwali-1,BGD,BGD-0289
Kotwali-2,BGD,BGD-0290
Kotwali-3,BGD,BGD-0291
Koyra,BGD,BGD-0292
Kulaura,BGD,BGD-0293
Kuliar Char,BGD,BGD-0294
Kumarkhali,BGD,BGD-0295
Kurigram Sadar,BGD,BGD-0296
Kushtia Sadar,BGD,BGD-0297
Kutubdia,BGD,BGD-0298
Lakhai,BGD,BGD-0299
Laksam,BGD,BGD-0300
Lakshmichhari,BGD,BGD-0301
Lakshmipur Sadar,BGD,BGD-0302
Lalbagh,BGD,BGD-0303
Lalmohan,BGD,BGD-0304
Lalmonirhat Sadar,BGD,BGD-0305
Lalpur,BGD,BGD-0306
Lama,BGD,BGD-0307
Langadu,BGD,BGD-0308
Lohagara-1,BGD,BGD-0309
Lohagara-2,BGD,BGD-0310
Lohajang,BGD,BGD-0311
Madan,BGD,BGD-0312
Madarganj,BGD,BGD-0313
Madaripur Sadar,BGD,BGD-0314
Madhabpur,BGD,BGD-0315
Madhukhali,BGD,BGD-0316
Madhupur,BGD,BGD-0317
Magura Sadar,BGD,BGD-0318
Mahadebpur,BGD,BGD-0319
Mahalchhari,BGD,BGD-0320
Maheshkhali,BGD,BGD-0321
Maheshpur,BGD,BGD-0322
Manda,BGD,BGD-0323
Manikchhari,BGD,BGD-0324
Manikganj Sadar,BGD,BGD-0325
Manirampur,BGD,BGD-0326
Manohardi,BGD,BGD-0327
Manoharganj,BGD,BGD-0328
Manpura,BGD,BGD-0329
Mathbaria,BGD,BGD-0330
Matihar,BGD,BGD-0331
Matiranga,BGD,BGD-0332
Matlab Dakshin,BGD,BGD-0333
Matlab Uttar,BGD,BGD-0334
Maulvi Bazar Sadar,BGD,BGD-0335
Meghna,BGD,BGD-0336
Mehendiganj,BGD,BGD-0337
Meherpur Sadar,BGD,BGD-0338
Melandaha,BGD,BGD-0339
Mirpur-1,BGD,BGD-0340
Mirpur-2,BGD,BGD-0341
Mirsharai,BGD,BGD-0342
Mirzaganj,BGD,BGD-0343
Mirzapur,BGD,BGD-0344
Mitha Pukur,BGD,BGD-0345
Mithamain,BGD,BGD-0346
Mohammadpur-1,BGD,BGD-0347
Mohammadpur-2,BGD,BGD-0348
Mohanganj,BGD,BGD-0349
Mohanpur,BGD,BGD-0350
Mollahat,BGD,BGD-0351
Mongla,BGD,BGD-0352
Morrelganj,BGD,BGD-0353
Motijheel,BGD,BGD-0354
Mujib Nagar,BGD,BGD-0355
Muksudpur,BGD,BGD-0356
Muktagachha,BGD,BGD-0357
Muladi,BGD,BGD-0358
Munshiganj Sadar,BGD,BGD-0359
Muradnagar,BGD,BGD-0360
Mymensingh Sadar,BGD,BGD-0361
Nabiganj,BGD,BGD-0362
Nabinagar,BGD,BGD-0363
Nachole,BGD,BGD-0364
Nagarkanda,BGD,BGD-0365
Nagarpur,BGD,BGD-0366
Nageshwari,BGD,BGD-0367
Naikhongchhari,BGD,BGD-0368
Nakla,BGD,BGD-0369
Nalchity,BGD,BGD-0370
Nalitabari,BGD,BGD-0371
Nandail,BGD,BGD-0372
Nandigram,BGD,BGD-0373
Nangalkot,BGD,BGD-0374
Naniarchar,BGD,BGD-0375
Naogaon Sadar,BGD,BGD-0376
Narail Sadar,BGD,BGD-0377
Narayanganj Sadar,BGD,BGD-0378
Naria,BGD,BGD-0379
Narsingdi Sadar,BGD,BGD-0380
Nasirnagar,BGD,BGD-0381
Natore Sadar,BGD,BGD-0382
Nawabganj-1,BGD,BGD-0383
Nawabganj-2,BGD,BGD-0384
Nawabganj Sadar,BGD,BGD-0385
Nazirpur,BGD,BGD-0386
Nesarabad (Swarupkati),BGD,BGD-0387
Netrokona Sadar,BGD,BGD-0388
New Market,BGD,BGD-0389
Niamatpur,BGD,BGD-0390
Nikli,BGD,BGD-0391
Nilphamari Sadar,BGD,BGD-0392
Noakhali Sadar (Sudharam),BGD,BGD-0393
Paba,BGD,BGD-0394
Pabna Sadar,BGD,BGD-0395
Pahartali,BGD,BGD-0396
Paikgachha,BGD,BGD-0397
Pakundia,BGD,BGD-0398
Palash,BGD,BGD-0399
Palashbari,BGD,BGD-0400
Pallabi,BGD,BGD-0401
Paltan,BGD,BGD-0402
Panchagarh Sadar,BGD,BGD-0403
Panchbibi,BGD,BGD-0404
Panchhari,BGD,BGD-0405
Panchlaish,BGD,BGD-0406
Pangsha,BGD,BGD-0407
Parbatipur,BGD,BGD-0408
Parshuram,BGD,BGD-0409
Patenga,BGD,BGD-0410
Patgram,BGD,BGD-0411
Patharghata,BGD,BGD-0412
Patiya,BGD,BGD-0413
Patnitala,BGD,BGD-0414
Patuakhali Sadar,BGD,BGD-0415
Pekua,BGD,BGD-0416
Phulbari,BGD,BGD-0417
Phulpur,BGD,BGD-0418
Phultala,BGD,BGD-0419
Pirgachha,BGD,BGD-0420
Pirganj-1,BGD,BGD-0421
Pirganj-2,BGD,BGD-0422
Pirojpur Sadar,BGD,BGD-0423
Porsha,BGD,BGD-0424
Purbadhala,BGD,BGD-0425
Puthia,BGD,BGD-0426
Rajapur,BGD,BGD-0427
Rajarhat,BGD,BGD-0428
Rajasthali,BGD,BGD-0429
Rajbari Sadar,BGD,BGD-0430
Rajnagar,BGD,BGD-0431
Rajoir,BGD,BGD-0432
Rajpara,BGD,BGD-0433
Ramganj,BGD,BGD-0434
Ramgarh,BGD,BGD-0435
Ramgati,BGD,BGD-0436
Ramna,BGD,BGD-0437
Rampal,BGD,BGD-0438
Rampura,BGD,BGD-0439
Ramu,BGD,BGD-0440
Rangamati Sadar,BGD,BGD-0441
Rangpur Sadar,BGD,BGD-0442
Rangunia,BGD,BGD-0443
Raninagar,BGD,BGD-0444
Ranisankail,BGD,BGD-0445
Raozan,BGD,BGD-0446
Raumari,BGD,BGD-0447
Rowangchhari,BGD,BGD-0448
Royganj,BGD,BGD-0449
Roypur,BGD,BGD-0450
Roypura,BGD,BGD-0451
Ruma,BGD,BGD-0452
Rupganj,BGD,BGD-0453
Rupsa,BGD,BGD-0454
Sabujbagh,BGD,BGD-0455
Sadarpur,BGD,BGD-0456
Sadullapur,BGD,BGD-0457
Saghatta,BGD,BGD-0458
Saidpur,BGD,BGD-0459
Sakhipur,BGD,BGD-0460
Saltha,BGD,BGD-0461
Sandwip,BGD,BGD-0462
Santhia,BGD,BGD-0463
Sapahar,BGD,BGD-0464
Sarail,BGD,BGD-0465
Sarankhola,BGD,BGD-0466
Sariakandi,BGD,BGD-0467
Sarishabari,BGD,BGD-0468
Satkania,BGD,BGD-0469
Satkhira Sadar,BGD,BGD-0470
Saturia,BGD,BGD-0471
Savar,BGD,BGD-0472
Senbagh,BGD,BGD-0473
Serajdikhan,BGD,BGD-0474
Shah Ali,BGD,BGD-0475
Shah Makhdum,BGD,BGD-0476
Shahbagh,BGD,BGD-0477
Shahjadpur,BGD,BGD-0478
Shahrasti,BGD,BGD-0479
Shailkupa,BGD,BGD-0480
Shajahanpur,BGD,BGD-0481
Shalikha,BGD,BGD-0482
Shariatpur Sadar,BGD,BGD-0483
Sharsha,BGD,BGD-0484
Sher-e-bangla Nagar,BGD,BGD-0485
Sherpur,BGD,BGD-0486
Sherpur Sadar,BGD,BGD-0487
Shib Char,BGD,BGD-0488
Shibalaya,BGD,BGD-0489
Shibganj-1,BGD,BGD-0490
Shibganj-2,BGD,BGD-0491
Shibpur,BGD,BGD-0492
Shyamnagar,BGD,BGD-0493
Shyampur,BGD,BGD-0494
Singair,BGD,BGD-0495
Singra,BGD,BGD-0496
Sirajganj Sadar,BGD,BGD-0497
Sitakunda,BGD,BGD-0498
Sonadanga,BGD,BGD-0499
Sonagazi,BGD,BGD-0500
Sonaimuri,BGD,BGD-0501
Sonargaon,BGD,BGD-0502
Sonatola,BGD,BGD-0503
Sreebardi,BGD,BGD-0504
Sreemangal,BGD,BGD-0505
Sreenagar,BGD,BGD-0506
Sreepur-1,BGD,BGD-0507
Sreepur-2,BGD,BGD-0508
Subarnachar,BGD,BGD-0509
Sujanagar,BGD,BGD-0510
Sulla,BGD,BGD-0511
Sunamganj Sadar,BGD,BGD-0512
Sundarganj,BGD,BGD-0513
Sutrapur,BGD,BGD-0514
Sylhet Sadar,BGD,BGD-0515
Tahirpur,BGD,BGD-0516
Tala,BGD,BGD-0517
Tangail Sadar,BGD,BGD-0518
Tanore,BGD,BGD-0519
Taraganj,BGD,BGD-0520
Tarail,BGD,BGD-0521
Tarash,BGD,BGD-0522
Tazumuddin,BGD,BGD-0523
Tejgaon,BGD,BGD-0524
Tejgaon Ind. Area,BGD,BGD-0525
Teknaf,BGD,BGD-0526
Tentulia,BGD,BGD-0527
Terokhada,BGD,BGD-0528
Thakurgaon Sadar,BGD,BGD-0529
Thanchi,BGD,BGD-0530
Titas,BGD,BGD-0531
Tongibari,BGD,BGD-0532
Trishal,BGD,BGD-0533
Tungi Para,BGD,BGD-0534
Turag,BGD,BGD-0535
Ukhia,BGD,BGD-0536
Ulipur,BGD,BGD-0537
Ullah Para,BGD,BGD-0538
Uttar Khan,BGD,BGD-0539
Uttara,BGD,BGD-0540
Wazirpur,BGD,BGD-0541
Zakiganj,BGD,BGD-0542
Zanjira,BGD,BGD-0543
Zianagar,BGD,BGD-0544
BGD-0001,BGD,BGD-0001
BGD-0002,BGD,BGD-0002
BGD-0003,BGD,BGD-0003
BGD-0004,BGD,BGD-0004
BGD-0005,BGD,BGD-0005
BGD-0006,BGD,BGD-0006
BGD-0007,BGD,BGD-0007
BGD-0008,BGD,BGD-0008
BGD-0009,BGD,BGD-0009
BGD-0010,BGD,BGD-0010
BGD-0011,BGD,BGD-0011
BGD-0012,BGD,BGD-0012
BGD-0013,BGD,BGD-0013
BGD-0014,BGD,BGD-0014
BGD-0015,BGD,BGD-0015
BGD-0016,BGD,BGD-0016
BGD-0017,BGD,BGD-0017
BGD-0018,BGD,BGD-0018
BGD-0019,BGD,BGD-0019
BGD-0020,BGD,BGD-0020
BGD-0021,BGD,BGD-0021
BGD-0022,BGD,BGD-0022
BGD-0023,BGD,BGD-0023
BGD-0024,BGD,BGD-0024
BGD-0025,BGD,BGD-0025
BGD-0026,BGD,BGD-0026
BGD-0027,BGD,BGD-0027
BGD-0028,BGD,BGD-0028
BGD-0029,BGD,BGD-0029
BGD-0030,BGD,BGD-0030
BGD-0031,BGD,BGD-0031
BGD-0032,BGD,BGD-0032
BGD-0033,BGD,BGD-0033
BGD-0034,BGD,BGD-0034
BGD-0035,BGD,BGD-0035
BGD-0036,BGD,BGD-0036
BGD-0037,BGD,BGD-0037
BGD-0038,BGD,BGD-0038
BGD-0039,BGD,BGD-0039
BGD-0040,BGD,BGD-0040
BGD-0041,BGD,BGD-0041
BGD-0042,BGD,BGD-0042
BGD-0043,BGD,BGD-0043
BGD-0044,BGD,BGD-0044
BGD-0045,BGD,BGD-0045
BGD-0046,BGD,BGD-0046
BGD-0047,BGD,BGD-0047
BGD-0048,BGD,BGD-0048
BGD-0049,BGD,BGD-0049
BGD-0050,BGD,BGD-0050
BGD-0051,BGD,BGD-0051
BGD-0052,BGD,BGD-0052
BGD-0053,BGD,BGD-0053
BGD-0054,BGD,BGD-0054
BGD-0055,BGD,BGD-0055
BGD-0056,BGD,BGD-0056
BGD-0057,BGD,BGD-0057
BGD-0058,BGD,BGD-0058
BGD-0059,BGD,BGD-0059
BGD-0060,BGD,BGD-0060
BGD-0061,BGD,BGD-0061
BGD-0062,BGD,BGD-0062
BGD-0063,BGD,BGD-0063
BGD-0064,BGD,BGD-0064
BGD-0065,BGD,BGD-0065
BGD-0066,BGD,BGD-0066
BGD-0067,BGD,BGD-0067
BGD-0068,BGD,BGD-0068
BGD-0069,BGD,BGD-0069
BGD-0070,BGD,BGD-0070
BGD-0071,BGD,BGD-0071
BGD-0072,BGD,BGD-0072
BGD-0073,BGD,BGD-0073
BGD-0074,BGD,BGD-0074
BGD-0075,BGD,BGD-0075
BGD-0076,BGD,BGD-0076
BGD-0077,BGD,BGD-0077
BGD-0078,BGD,BGD-0078
BGD-0079,BGD,BGD-0079
BGD-0080,BGD,BGD-0080
BGD-0081,BGD,BGD-0081
BGD-0082,BGD,BGD-0082
BGD-0083,BGD,BGD-0083
BGD-0084,BGD,BGD-0084
BGD-0085,BGD,BGD-0085
BGD-0086,BGD,BGD-0086
BGD-0087,BGD,BGD-0087
BGD-0088,BGD,BGD-0088
BGD-0089,BGD,BGD-0089
BGD-0090,BGD,BGD-0090
BGD-0091,BGD,BGD-0091
BGD-0092,BGD,BGD-0092
BGD-0093,BGD,BGD-0093
BGD-0094,BGD,BGD-0094
BGD-0095,BGD,BGD-0095
BGD-0096,BGD,BGD-0096
BGD-0097,BGD,BGD-0097
BGD-0098,BGD,BGD-0098
BGD-0099,BGD,BGD-0099
BGD-0100,BGD,BGD-0100
BGD-0101,BGD,BGD-0101
BGD-0102,BGD,BGD-0102
BGD-0103,BGD,BGD-0103
BGD-0104,BGD,BGD-0104
BGD-0105,BGD,BGD-0105
BGD-0106,BGD,BGD-0106
BGD-0107,BGD,BGD-0107
BGD-0108,BGD,BGD-0108
BGD-0109,BGD,BGD-0109
BGD-0110,BGD,BGD-0110
BGD-0111,BGD,BGD-0111
BGD-0112,BGD,BGD-0112
BGD-0113,BGD,BGD-0113
BGD-0114,BGD,BGD-0114
BGD-0115,BGD,BGD-0115
BGD-0116,BGD,BGD-0116
BGD-0117,BGD,BGD-0117
BGD-0118,BGD,BGD-0118
BGD-0119,BGD,BGD-0119
BGD-0120,BGD,BGD-0120
BGD-0121,BGD,BGD-0121
BGD-0122,BGD,BGD-0122
BGD-0123,BGD,BGD-0123
BGD-0124,BGD,BGD-0124
BGD-0125,BGD,BGD-0125
BGD-0126,BGD,BGD-0126
BGD-0127,BGD,BGD-0127
BGD-0128,BGD,BGD-0128
BGD-0129,BGD,BGD-0129
BGD-0130,BGD,BGD-0130
BGD-0131,BGD,BGD-0131
BGD-0132,BGD,BGD-0132
BGD-0133,BGD,BGD-0133
BGD-0134,BGD,BGD-0134
BGD-0135,BGD,BGD-0135
BGD-0136,BGD,BGD-0136
BGD-0137,BGD,BGD-0137
BGD-0138,BGD,BGD-0138
BGD-0139,BGD,BGD-0139
BGD-0140,BGD,BGD-0140
BGD-0141,BGD,BGD-0141
BGD-0142,BGD,BGD-0142
BGD-0143,BGD,BGD-0143
BGD-0144,BGD,BGD-0144
BGD-0145,BGD,BGD-0145
BGD-0146,BGD,BGD-0146
BGD-0147,BGD,BGD-0147
BGD-0148,BGD,BGD-0148
BGD-0149,BGD,BGD-0149
BGD-0150,BGD,BGD-0150
BGD-0151,BGD,BGD-0151
BGD-0152,BGD,BGD-0152
BGD-0153,BGD,BGD-0153
BGD-0154,BGD,BGD-0154
BGD-0155,BGD,BGD-0155
BGD-0156,BGD,BGD-0156
BGD-0157,BGD,BGD-0157
BGD-0158,BGD,BGD-0158
BGD-0159,BGD,BGD-0159
BGD-0160,BGD,BGD-0160
BGD-0161,BGD,BGD-0161
BGD-0162,BGD,BGD-0162
BGD-0163,BGD,BGD-0163
BGD-0164,BGD,BGD-0164
BGD-0165,BGD,BGD-0165
BGD-0166,BGD,BGD-0166
BGD-0167,BGD,BGD-0167
BGD-0168,BGD,BGD-0168
BGD-0169,BGD,BGD-0169
BGD-0170,BGD,BGD-0170
BGD-0171,BGD,BGD-0171
BGD-0172,BGD,BGD-0172
BGD-0173,BGD,BGD-0173
BGD-0174,BGD,BGD-0174
BGD-0175,BGD,BGD-0175
BGD-0176,BGD,BGD-0176
BGD-0177,BGD,BGD-0177
BGD-0178,BGD,BGD-0178
BGD-0179,BGD,BGD-0179
BGD-0180,BGD,BGD-0180
BGD-0181,BGD,BGD-0181
BGD-0182,BGD,BGD-0182
BGD-0183,BGD,BGD-0183
BGD-0184,BGD,BGD-0184
BGD-0185,BGD,BGD-0185
BGD-0186,BGD,BGD-0186
BGD-0187,BGD,BGD-0187
BGD-0188,BGD,BGD-0188
BGD-0189,BGD,BGD-0189
BGD-0190,BGD,BGD-0190
BGD-0191,BGD,BGD-0191
BGD-0192,BGD,BGD-0192
BGD-0193,BGD,BGD-0193
BGD-0194,BGD,BGD-0194
BGD-0195,BGD,BGD-0195
BGD-0196,BGD,BGD-0196
BGD-0197,BGD,BGD-0197
BGD-0198,BGD,BGD-0198
BGD-0199,BGD,BGD-0199
BGD-0200,BGD,BGD-0200
BGD-0201,BGD,BGD-0201
BGD-0202,BGD,BGD-0202
BGD-0203,BGD,BGD-0203
BGD-0204,BGD,BGD-0204
BGD-0205,BGD,BGD-0205
BGD-0206,BGD,BGD-0206
BGD-0207,BGD,BGD-0207
BGD-0208,BGD,BGD-0208
BGD-0209,BGD,BGD-0209
BGD-0210,BGD,BGD-0210
BGD-0211,BGD,BGD-0211
BGD-0212,BGD,BGD-0212
BGD-0213,BGD,BGD-0213
BGD-0214,BGD,BGD-0214
BGD-0215,BGD,BGD-0215
BGD-0216,BGD,BGD-0216
BGD-0217,BGD,BGD-0217
BGD-0218,BGD,BGD-0218
BGD-0219,BGD,BGD-0219
BGD-0220,BGD,BGD-0220
BGD-0221,BGD,BGD-0221
BGD-0222,BGD,BGD-0222
BGD-0223,BGD,BGD-0223
BGD-0224,BGD,BGD-0224
BGD-0225,BGD,BGD-0225
BGD-0226,BGD,BGD-0226
BGD-0227,BGD,BGD-0227
BGD-0228,BGD,BGD-0228
BGD-0229,BGD,BGD-0229
BGD-0230,BGD,BGD-0230
BGD-0231,BGD,BGD-0231
BGD-0232,BGD,BGD-0232
BGD-0233,BGD,BGD-0233
BGD-0234,BGD,BGD-0234
BGD-0235,BGD,BGD-0235
BGD-0236,BGD,BGD-0236
BGD-0237,BGD,BGD-0237
BGD-0238,BGD,BGD-0238
BGD-0239,BGD,BGD-0239
BGD-0240,BGD,BGD-0240
BGD-0241,BGD,BGD-0241
BGD-0242,BGD,BGD-0242
BGD-0243,BGD,BGD-0243
BGD-0244,BGD,BGD-0244
BGD-0245,BGD,BGD-0245
BGD-0246,BGD,BGD-0246
BGD-0247,BGD,BGD-0247
BGD-0248,BGD,BGD-0248
BGD-0249,BGD,BGD-0249
BGD-0250,BGD,BGD-0250
BGD-0251,BGD,BGD-0251
BGD-0252,BGD,BGD-0252
BGD-0253,BGD,BGD-0253
BGD-0254,BGD,BGD-0254
BGD-0255,BGD,BGD-0255
BGD-0256,BGD,BGD-0256
BGD-0257,BGD,BGD-0257
BGD-0258,BGD,BGD-0258
BGD-0259,BGD,BGD-0259
BGD-0260,BGD,BGD-0260
BGD-0261,BGD,BGD-0261
BGD-0262,BGD,BGD-0262
BGD-0263,BGD,BGD-0263
BGD-0264,BGD,BGD-0264
BGD-0265,BGD,BGD-0265
BGD-0266,BGD,BGD-0266
BGD-0267,BGD,BGD-0267
BGD-0268,BGD,BGD-0268
BGD-0269,BGD,BGD-0269
BGD-0270,BGD,BGD-0270
BGD-0271,BGD,BGD-0271
BGD-0272,BGD,BGD-0272
BGD-0273,BGD,BGD-0273
BGD-0274,BGD,BGD-0274
BGD-0275,BGD,BGD-0275
BGD-0276,BGD,BGD-0276
BGD-0277,BGD,BGD-0277
BGD-0278,BGD,BGD-0278
BGD-0279,BGD,BGD-0279
BGD-0280,BGD,BGD-0280
BGD-0281,BGD,BGD-0281
BGD-0282,BGD,BGD-0282
BGD-0283,BGD,BGD-0283
BGD-0284,BGD,BGD-0284
BGD-0285,BGD,BGD-0285
BGD-0286,BGD,BGD-0286
BGD-0287,BGD,BGD-0287
BGD-0288,BGD,BGD-0288
BGD-0289,BGD,BGD-0289
BGD-0290,BGD,BGD-0290
BGD-0291,BGD,BGD-0291
BGD-0292,BGD,BGD-0292
BGD-0293,BGD,BGD-0293
BGD-0294,BGD,BGD-0294
BGD-0295,BGD,BGD-0295
BGD-0296,BGD,BGD-0296
BGD-0297,BGD,BGD-0297
BGD-0298,BGD,BGD-0298
BGD-0299,BGD,BGD-0299
BGD-0300,BGD,BGD-0300
BGD-0301,BGD,BGD-0301
BGD-0302,BGD,BGD-0302
BGD-0303,BGD,BGD-0303
BGD-0304,BGD,BGD-0304
BGD-0305,BGD,BGD-0305
BGD-0306,BGD,BGD-0306
BGD-0307,BGD,BGD-0307
BGD-0308,BGD,BGD-0308
BGD-0309,BGD,BGD-0309
BGD-0310,BGD,BGD-0310
BGD-0311,BGD,BGD-0311
BGD-0312,BGD,BGD-0312
BGD-0313,BGD,BGD-0313
BGD-0314,BGD,BGD-0314
BGD-0315,BGD,BGD-0315
BGD-0316,BGD,BGD-0316
BGD-0317,BGD,BGD-0317
BGD-0318,BGD,BGD-0318
BGD-0319,BGD,BGD-0319
BGD-0320,BGD,BGD-0320
BGD-0321,BGD,BGD-0321
BGD-0322,BGD,BGD-0322
BGD-0323,BGD,BGD-0323
BGD-0324,BGD,BGD-0324
BGD-0325,BGD,BGD-0325
BGD-0326,BGD,BGD-0326
BGD-0327,BGD,BGD-0327
BGD-0328,BGD,BGD-0328
BGD-0329,BGD,BGD-0329
BGD-0330,BGD,BGD-0330
BGD-0331,BGD,BGD-0331
BGD-0332,BGD,BGD-0332
BGD-0333,BGD,BGD-0333
BGD-0334,BGD,BGD-0334
BGD-0335,BGD,BGD-0335
BGD-0336,BGD,BGD-0336
BGD-0337,BGD,BGD-0337
BGD-0338,BGD,BGD-0338
BGD-0339,BGD,BGD-0339
BGD-0340,BGD,BGD-0340
BGD-0341,BGD,BGD-0341
BGD-0342,BGD,BGD-0342
BGD-0343,BGD,BGD-0343
BGD-0344,BGD,BGD-0344
BGD-0345,BGD,BGD-0345
BGD-0346,BGD,BGD-0346
BGD-0347,BGD,BGD-0347
BGD-0348,BGD,BGD-0348
BGD-0349,BGD,BGD-0349
BGD-0350,BGD,BGD-0350
BGD-0351,BGD,BGD-0351
BGD-0352,BGD,BGD-0352
BGD-0353,BGD,BGD-0353
BGD-0354,BGD,BGD-0354
BGD-0355,BGD,BGD-0355
BGD-0356,BGD,BGD-0356
BGD-0357,BGD,BGD-0357
BGD-0358,BGD,BGD-0358
BGD-0359,BGD,BGD-0359
BGD-0360,BGD,BGD-0360
BGD-0361,BGD,BGD-0361
BGD-0362,BGD,BGD-0362
BGD-0363,BGD,BGD-0363
BGD-0364,BGD,BGD-0364
BGD-0365,BGD,BGD-0365
BGD-0366,BGD,BGD-0366
BGD-0367,BGD,BGD-0367
BGD-0368,BGD,BGD-0368
BGD-0369,BGD,BGD-0369
BGD-0370,BGD,BGD-0370
BGD-0371,BGD,BGD-0371
BGD-0372,BGD,BGD-0372
BGD-0373,BGD,BGD-0373
BGD-0374,BGD,BGD-0374
BGD-0375,BGD,BGD-0375
BGD-0376,BGD,BGD-0376
BGD-0377,BGD,BGD-0377
BGD-0378,BGD,BGD-0378
BGD-0379,BGD,BGD-0379
BGD-0380,BGD,BGD-0380
BGD-0381,BGD,BGD-0381
BGD-0382,BGD,BGD-0382
BGD-0383,BGD,BGD-0383
BGD-0384,BGD,BGD-0384
BGD-0385,BGD,BGD-0385
BGD-0386,BGD,BGD-0386
BGD-0387,BGD,BGD-0387
BGD-0388,BGD,BGD-0388
BGD-0389,BGD,BGD-0389
BGD-0390,BGD,BGD-0390
BGD-0391,BGD,BGD-0391
BGD-0392,BGD,BGD-0392
BGD-0393,BGD,BGD-0393
BGD-0394,BGD,BGD-0394
BGD-0395,BGD,BGD-0395
BGD-0396,BGD,BGD-0396
BGD-0397,BGD,BGD-0397
BGD-0398,BGD,BGD-0398
BGD-0399,BGD,BGD-0399
BGD-0400,BGD,BGD-0400
BGD-0401,BGD,BGD-0401
BGD-0402,BGD,BGD-0402
BGD-0403,BGD,BGD-0403
BGD-0404,BGD,BGD-0404
BGD-0405,BGD,BGD-0405
BGD-0406,BGD,BGD-0406
BGD-0407,BGD,BGD-0407
BGD-0408,BGD,BGD-0408
BGD-0409,BGD,BGD-0409
BGD-0410,BGD,BGD-0410
BGD-0411,BGD,BGD-0411
BGD-0412,BGD,BGD-0412
BGD-0413,BGD,BGD-0413
BGD-0414,BGD,BGD-0414
BGD-0415,BGD,BGD-0415
BGD-0416,BGD,BGD-0416
BGD-0417,BGD,BGD-0417
BGD-0418,BGD,BGD-0418
BGD-0419,BGD,BGD-0419
BGD-0420,BGD,BGD-0420
BGD-0421,BGD,BGD-0421
BGD-0422,BGD,BGD-0422
BGD-0423,BGD,BGD-0423
BGD-0424,BGD,BGD-0424
BGD-0425,BGD,BGD-0425
BGD-0426,BGD,BGD-0426
BGD-0427,BGD,BGD-0427
BGD-0428,BGD,BGD-0428
BGD-0429,BGD,BGD-0429
BGD-0430,BGD,BGD-0430
BGD-0431,BGD,BGD-0431
BGD-0432,BGD,BGD-0432
BGD-0433,BGD,BGD-0433
BGD-0434,BGD,BGD-0434
BGD-0435,BGD,BGD-0435
BGD-0436,BGD,BGD-0436
BGD-0437,BGD,BGD-0437
BGD-0438,BGD,BGD-0438
BGD-0439,BGD,BGD-0439
BGD-0440,BGD,BGD-0440
BGD-0441,BGD,BGD-0441
BGD-0442,BGD,BGD-0442
BGD-0443,BGD,BGD-0443
BGD-0444,BGD,BGD-0444
BGD-0445,BGD,BGD-0445
BGD-0446,BGD,BGD-0446
BGD-0447,BGD,BGD-0447
BGD-0448,BGD,BGD-0448
BGD-0449,BGD,BGD-0449
BGD-0450,BGD,BGD-0450
BGD-0451,BGD,BGD-0451
BGD-0452,BGD,BGD-0452
BGD-0453,BGD,BGD-0453
BGD-0454,BGD,BGD-0454
BGD-0455,BGD,BGD-0455
BGD-0456,BGD,BGD-0456
BGD-0457,BGD,BGD-0457
BGD-0458,BGD,BGD-0458
BGD-0459,BGD,BGD-0459
BGD-0460,BGD,BGD-0460
BGD-0461,BGD,BGD-0461
BGD-0462,BGD,BGD-0462
BGD-0463,BGD,BGD-0463
BGD-0464,BGD,BGD-0464
BGD-0465,BGD,BGD-0465
BGD-0466,BGD,BGD-0466
BGD-0467,BGD,BGD-0467
BGD-0468,BGD,BGD-0468
BGD-0469,BGD,BGD-0469
BGD-0470,BGD,BGD-0470
BGD-0471,BGD,BGD-0471
BGD-0472,BGD,BGD-0472
BGD-0473,BGD,BGD-0473
BGD-0474,BGD,BGD-0474
BGD-0475,BGD,BGD-0475
BGD-0476,BGD,BGD-0476
BGD-0477,BGD,BGD-0477
BGD-0478,BGD,BGD-0478
BGD-0479,BGD,BGD-0479
BGD-0480,BGD,BGD-0480
BGD-0481,BGD,BGD-0481
BGD-0482,BGD,BGD-0482
BGD-0483,BGD,BGD-0483
BGD-0484,BGD,BGD-0484
BGD-0485,BGD,BGD-0485
BGD-0486,BGD,BGD-0486
BGD-0487,BGD,BGD-0487
BGD-0488,BGD,BGD-0488
BGD-0489,BGD,BGD-0489
BGD-0490,BGD,BGD-0490
BGD-0491,BGD,BGD-0491
BGD-0492,BGD,BGD-0492
BGD-0493,BGD,BGD-0493
BGD-0494,BGD,BGD-0494
BGD-0495,BGD,BGD-0495
BGD-0496,BGD,BGD-0496
BGD-0497,BGD,BGD-0497
BGD-0498,BGD,BGD-0498
BGD-0499,BGD,BGD-0499
BGD-0500,BGD,BGD-0500
BGD-0501,BGD,BGD-0501
BGD-0502,BGD,BGD-0502
BGD-0503,BGD,BGD-0503
BGD-0504,BGD,BGD-0504
BGD-0505,BGD,BGD-0505
BGD-0506,BGD,BGD-0506
BGD-0507,BGD,BGD-0507
BGD-0508,BGD,BGD-0508
BGD-0509,BGD,BGD-0509
BGD-0510,BGD,BGD-0510
BGD-0511,BGD,BGD-0511
BGD-0512,BGD,BGD-0512
BGD-0513,BGD,BGD-0513
BGD-0514,BGD,BGD-0514
BGD-0515,BGD,BGD-0515
BGD-0516,BGD,BGD-0516
BGD-0517,BGD,BGD-0517
BGD-0518,BGD,BGD-0518
BGD-0519,BGD,BGD-0519
BGD-0520,BGD,BGD-0520
BGD-0521,BGD,BGD-0521
BGD-0522,BGD,BGD-0522
BGD-0523,BGD,BGD-0523
BGD-0524,BGD,BGD-0524
BGD-0525,BGD,BGD-0525
BGD-0526,BGD,BGD-0526
BGD-0527,BGD,BGD-0527
BGD-0528,BGD,BGD-0528
BGD-0529,BGD,BGD-0529
BGD-0530,BGD,BGD-0530
BGD-0531,BGD,BGD-0531
BGD-0532,BGD,BGD-0532
BGD-0533,BGD,BGD-0533
BGD-0534,BGD,BGD-0534
BGD-0535,BGD,BGD-0535
BGD-0536,BGD,BGD-0536
BGD-0537,BGD,BGD-0537
BGD-0538,BGD,BGD-0538
BGD-0539,BGD,BGD-0539
BGD-0540,BGD,BGD-0540
BGD-0541,BGD,BGD-0541
BGD-0542,BGD,BGD-0542
BGD-0543,BGD,BGD-0543
BGD-0544,BGD,BGD-0544
